"SpeciesAuthor","SpeciesAccepted","Family","Class","Kingdom","Authors","Journal","YearPublication","Country","Continent","Ecoregion","MatrixDimension","GrowthForm","Population","StartYear","StartMonth","StartSeason","EndYear","EndMonth","EndSeason","Treatment","MatrixComposite","Lat","Lon","GenT","H","Lmean","Lmax","pRep","La","La.mean","La.omega","SurvSSD","GrowSSD","ShriSSD","RepSSD","CloSSD","SurvSSDPreRep","GrowSSDPreRep","ShriSSDPreRep","CloSSDPreRep","SurvSSDRep","GrowSSDRep","ShriSSDRep","RepSSDRep","CloSSDRep","Esurv","Egrow","Eshri","Erep","Eclo","Ssurv","Sgrow","Sshri","Srep","Sclo","EsurvPreRep","EgrowPreRep","EshriPreRep","EcloPreRep","SsurvPreRep","SgrowPreRep","SshriPreRep","ScloPreRep","EsurvRep","EgrowRep","EshriRep","ErepRep","EcloRep","SsurvRep","SgrowRep","SshriRep","SrepRep","ScloRep","Lambda","LambdaAway","Rho","Pi","Reactivity","FirstStepAtt","MaxAmp","MaxAtt","InertiaUp","InertiaLow","InertiaTotal","KreissUp","KreissLow","KreissTotal","S","R0"
"Aspasia_principissa","Aspasia principissa","Orchidaceae","Liliopsida","Plantae","Zotz; Schmidt","Biol Cons","2006","PAN","S America","TMB",7,"Epiphyte","Barro Colorado Island","1997","3",NA,"2004","3",NA,"Unmanipulated","Mean","9.16666666666667","-79.85",15.0880870143711,1.10515276114383,5.43376726488479,36,0.52,3,6.44105297153255,2.43376726488479,NA,NA,NA,NA,NA,NA,NA,NA,NA,NA,NA,NA,NA,NA,NA,NA,NA,NA,NA,NA,NA,NA,NA,NA,NA,NA,NA,NA,NA,NA,NA,NA,NA,NA,NA,NA,NA,NA,NA,NA,NA,NA,0.937290573453315,0.0627094265466845,NA,NA,NA,NA,NA,NA,NA,NA,NA,NA,NA,NA,0.628954203280714,0.376388395650244
"Guarianthe_aurantiaca","Guarianthe aurantiaca","Orchidaceae","Liliopsida","Plantae","Mondragón","Plant Spp Biol","2009","MEX","N America","TMB",5,"Epiphyte","Santo Domingo","2004","1","4","2006","12","4","Unmanipulated","Mean","15.0505555555556","-95.08475",41.4512382316003,0.70990044456282,15.6686213058594,102,0.393276701863442,8.83318120157457,25.6798351683669,6.83544010428488,NA,NA,NA,NA,NA,NA,NA,NA,NA,NA,NA,NA,NA,NA,NA,NA,NA,NA,NA,NA,NA,NA,NA,NA,NA,NA,NA,NA,NA,NA,NA,NA,NA,NA,NA,NA,NA,NA,NA,NA,NA,NA,0.986866428442644,0.0131335715573563,NA,NA,NA,NA,NA,NA,NA,NA,NA,NA,NA,NA,0.207401743518227,0.578099434488966
"Jacquiniella_leucomelana","Jacquiniella leucomelana","Orchidaceae","Liliopsida","Plantae","Winkler; Hülber; Hietz","Ann Bot","2009","MEX","N America","TMB",4,"Epiphyte","Santuario Bosque de Niebla, all trees","2002","2","4","2005","2","4","Unmanipulated","Mean","19.5166666666667","-96.95",5.60114594208946,0.624836282867183,3.7744466690662,15,0.437627598861235,3.49067572155536,3.09930162393922,0.283770947510838,NA,NA,NA,NA,NA,NA,NA,NA,NA,NA,NA,NA,NA,NA,NA,NA,NA,NA,NA,NA,NA,NA,NA,NA,NA,NA,NA,NA,NA,NA,NA,NA,NA,NA,NA,NA,NA,NA,NA,NA,NA,NA,0.91244287828759,0.08755712171241,NA,NA,NA,NA,NA,NA,NA,NA,NA,NA,NA,NA,0.665190777306049,0.598557998455814
"Jacquiniella_leucomelana_2","Jacquiniella leucomelana","Orchidaceae","Liliopsida","Plantae","Winkler; Hülber; Hietz","Ann Bot","2009","MEX","N America","TMB",20,"Epiphyte","Santuario Bosque de Niebla, subpopulations on different trees","2002","2","4","2005","2","4","Unmanipulated","Mean","19.5166666666667","-96.95",NA,NA,NA,NA,NA,NA,NA,NA,NA,NA,NA,NA,NA,NA,NA,NA,NA,NA,NA,NA,NA,NA,NA,NA,NA,NA,NA,NA,NA,NA,NA,NA,NA,NA,NA,NA,NA,NA,NA,NA,NA,NA,NA,NA,NA,NA,NA,NA,NA,NA,NA,NA,NA,NA,NA,NA,NA,NA,NA,NA,NA,NA,NA,NA,NA,0.376388395650244
"Jacquiniella_teretifolia","Jacquiniella teretifolia","Orchidaceae","Liliopsida","Plantae","Winkler; Hülber; Hietz","Ann Bot","2009","MEX","N America","TMB",4,"Epiphyte","Santuario Bosque de Niebla, all trees","2002","2","4","2005","2","4","Unmanipulated","Mean","19.5166666666667","-96.95",16.4124540374005,0.987675046213829,5.94497316769808,33,0.107431375818378,11.0637570965522,7.79483350356285,-5.11878392885408,NA,NA,NA,NA,NA,NA,NA,NA,NA,NA,NA,NA,NA,NA,NA,NA,NA,NA,NA,NA,NA,NA,NA,NA,NA,NA,NA,NA,NA,NA,NA,NA,NA,NA,NA,NA,NA,NA,NA,NA,NA,NA,0.979789472988398,0.0202105270116024,NA,NA,NA,NA,NA,NA,NA,NA,NA,NA,NA,NA,0.604126613788739,0.715265007887583
"Jacquiniella_teretifolia_2","Jacquiniella teretifolia","Orchidaceae","Liliopsida","Plantae","Winkler; Hülber; Hietz","Ann Bot","2009","MEX","N America","TMB",24,"Epiphyte","Santuario Bosque de Niebla, subpopulations on different trees","2002","2","4","2005","2","4","Unmanipulated","Mean","19.5166666666667","-96.95",NA,NA,NA,NA,NA,NA,NA,NA,NA,NA,NA,NA,NA,NA,NA,NA,NA,NA,NA,NA,NA,NA,NA,NA,NA,NA,NA,NA,NA,NA,NA,NA,NA,NA,NA,NA,NA,NA,NA,NA,NA,NA,NA,NA,NA,NA,NA,NA,NA,NA,NA,NA,NA,NA,NA,NA,NA,NA,NA,NA,NA,NA,NA,NA,NA,0.376388395650244
"Lepanthes_caritensis","Lepanthes caritensis","Orchidaceae","Liliopsida","Plantae","Crain","PhD thesis","2014","PRI","N America",NA,4,"Epiphyte","Carite State Forest, Sub-population 1","2010","10",NA,"2012","10",NA,NA,"Mean",NA,NA,113.928088403508,0.563189278942337,178.78787878788,999,0.484848484848486,43.4242424242422,300.000000000002,135.363636363638,NA,NA,NA,NA,NA,NA,NA,NA,NA,NA,NA,NA,NA,NA,NA,NA,NA,NA,NA,NA,NA,NA,NA,NA,NA,NA,NA,NA,NA,NA,NA,NA,NA,NA,NA,NA,NA,NA,NA,NA,NA,NA,1.02435813626821,0.0243581362682108,NA,NA,NA,NA,NA,NA,NA,NA,NA,NA,NA,NA,2.11218334784127,15.5151515151516
"Lepanthes_caritensis","Lepanthes caritensis","Orchidaceae","Liliopsida","Plantae","Crain","PhD thesis","2014","PRI","N America",NA,4,"Epiphyte","Carite State Forest, Sub-population 2","2010","10",NA,"2012","10",NA,NA,"Mean",NA,NA,199.961538051396,0.994470005933788,29.6296296296296,253,0.0925925925925925,28.7777777777777,99.9999999999996,0.851851851851848,NA,NA,NA,NA,NA,NA,NA,NA,NA,NA,NA,NA,NA,NA,NA,NA,NA,NA,NA,NA,NA,NA,NA,NA,NA,NA,NA,NA,NA,NA,NA,NA,NA,NA,NA,NA,NA,NA,NA,NA,NA,NA,0.992848888955351,0.00715111104464861,NA,NA,NA,NA,NA,NA,NA,NA,NA,NA,NA,NA,0.360691493584093,0.238095238095237
"Lepanthes_caritensis","Lepanthes caritensis","Orchidaceae","Liliopsida","Plantae","Crain","PhD thesis","2014","PRI","N America",NA,4,"Epiphyte","Carite State Forest, Sub-population 3","2010","10",NA,"2012","10",NA,NA,"Mean",NA,NA,117.025303469956,1.36896009576385,26.5453296703297,291,0.0892857142857151,33.1428571428572,117.307692307693,-6.5975274725275,NA,NA,NA,NA,NA,NA,NA,NA,NA,NA,NA,NA,NA,NA,NA,NA,NA,NA,NA,NA,NA,NA,NA,NA,NA,NA,NA,NA,NA,NA,NA,NA,NA,NA,NA,NA,NA,NA,NA,NA,NA,NA,1.00397965488338,0.00397965488338059,NA,NA,NA,NA,NA,NA,NA,NA,NA,NA,NA,NA,1.44373246059604,1.59168956043956
"Lepanthes_caritensis","Lepanthes caritensis","Orchidaceae","Liliopsida","Plantae","Crain","PhD thesis","2014","PRI","N America",NA,4,"Epiphyte","Carite State Forest, Sub-population 4","2010","10",NA,"2012","10",NA,NA,"Mean",NA,NA,NA,0.339217334284694,NA,NA,NA,NA,NA,NA,NA,NA,NA,NA,NA,NA,NA,NA,NA,NA,NA,NA,NA,NA,NA,NA,NA,NA,NA,NA,NA,NA,NA,NA,NA,NA,NA,NA,NA,NA,NA,NA,NA,NA,NA,NA,NA,NA,NA,NA,NA,NA,1.04227739664706,0.0422773966470649,NA,NA,NA,NA,NA,NA,NA,NA,NA,NA,NA,NA,1.5677247927296,0.376388395650244
"Lepanthes_caritensis","Lepanthes caritensis","Orchidaceae","Liliopsida","Plantae","Crain","PhD thesis","2014","PRI","N America",NA,4,"Epiphyte","Carite State Forest, Sub-population 5","2010","10",NA,"2012","10",NA,NA,"Mean",NA,NA,130.863397311482,0.56792718189643,100,460,0.533333333333332,54.3333333333334,100,45.6666666666666,NA,NA,NA,NA,NA,NA,NA,NA,NA,NA,NA,NA,NA,NA,NA,NA,NA,NA,NA,NA,NA,NA,NA,NA,NA,NA,NA,NA,NA,NA,NA,NA,NA,NA,NA,NA,NA,NA,NA,NA,NA,NA,1.00414170261694,0.0041417026169448,NA,NA,NA,NA,NA,NA,NA,NA,NA,NA,NA,NA,1.6467287464796,1.71751412429379
"Lepanthes_caritensis","Lepanthes caritensis","Orchidaceae","Liliopsida","Plantae","Crain","PhD thesis","2014","PRI","N America",NA,4,"Epiphyte","Carite State Forest, Sub-population 6","2010","10",NA,"2012","10",NA,NA,"Mean",NA,NA,NA,0.952037709628767,NA,NA,NA,NA,NA,NA,NA,NA,NA,NA,NA,NA,NA,NA,NA,NA,NA,NA,NA,NA,NA,NA,NA,NA,NA,NA,NA,NA,NA,NA,NA,NA,NA,NA,NA,NA,NA,NA,NA,NA,NA,NA,NA,NA,NA,NA,NA,NA,1.00455071971465,0.00455071971464505,NA,NA,NA,NA,NA,NA,NA,NA,NA,NA,NA,NA,1.02081868646129,0.376388395650244
"Lepanthes_eltoroensis","Lepanthes eltoroensis","Orchidaceae","Liliopsida","Plantae","Tremblay; Ackerman","Biol J Linn Soc","2001","USA","N America","TMB",5,"Epiphyte","Population 1; Population 2; Population 3","1994","9","3","1996","1","4","Unmanipulated","Mean","18.3","-65.7833333333333",377.635030274022,2.0999721711464,8.30104500097224,162,0.0349524024024025,28.8125268125267,103.959717610695,-20.5114818115545,NA,NA,NA,NA,NA,NA,NA,NA,NA,NA,NA,NA,NA,NA,NA,NA,NA,NA,NA,NA,NA,NA,NA,NA,NA,NA,NA,NA,NA,NA,NA,NA,NA,NA,NA,NA,NA,NA,NA,NA,NA,NA,0.990666099571999,0.00933390042800053,NA,NA,NA,NA,NA,NA,NA,NA,NA,NA,NA,NA,0.0363485134762223,0.0289738680351831
"Lepanthes_rubripetala","Lepanthes rubripetala","Orchidaceae","Liliopsida","Plantae","Tremblay; Ackerman","Biol J Linn Soc","2001","USA","N America","TMB",5,"Epiphyte","Population 1; Population 2; Population 3; Population 4; Population 5; Population 6","1993","6","2","1996","1","4","Unmanipulated","Mean","18.3","-65.7833333333333",132.21934151714,1.14289203100084,3.50139193140374,18,0.00394208037825064,10.3221519391732,26.4278960800661,-6.82076000776942,NA,NA,NA,NA,NA,NA,NA,NA,NA,NA,NA,NA,NA,NA,NA,NA,NA,NA,NA,NA,NA,NA,NA,NA,NA,NA,NA,NA,NA,NA,NA,NA,NA,NA,NA,NA,NA,NA,NA,NA,NA,NA,0.961689238433487,0.0383107615665128,NA,NA,NA,NA,NA,NA,NA,NA,NA,NA,NA,NA,0.00985193912339508,0.00571303172748541
"Lycaste_aromatica","Lycaste aromatica","Orchidaceae","Liliopsida","Plantae","Winkler; Hülber; Hietz","Ann Bot","2009","MEX","N America","TMB",4,"Epiphyte","Santuario Bosque de Niebla, all trees","2002","2","1","2005","2","1","Unmanipulated","Mean","19.5166666666667","-96.95",47.1334344365642,1.12582691136086,4.8681457180352,50,0.1173538262667,7.24767489579723,17.6903960003756,-2.37952917776203,NA,NA,NA,NA,NA,NA,NA,NA,NA,NA,NA,NA,NA,NA,NA,NA,NA,NA,NA,NA,NA,NA,NA,NA,NA,NA,NA,NA,NA,NA,NA,NA,NA,NA,NA,NA,NA,NA,NA,NA,NA,NA,0.948915691583672,0.0510843084163281,NA,NA,NA,NA,NA,NA,NA,NA,NA,NA,NA,NA,0.0767840262078152,0.0844617183966352
"Lycaste_aromatica_2","Lycaste aromatica","Orchidaceae","Liliopsida","Plantae","Winkler; Hülber; Hietz","Ann Bot","2009","MEX","N America","TMB",24,"Epiphyte","Santuario Bosque de Niebla, subpopulations on different trees","2002","2","1","2005","2","1","Unmanipulated","Mean","19.5166666666667","-96.95",NA,NA,NA,NA,NA,NA,NA,NA,NA,NA,NA,NA,NA,NA,NA,NA,NA,NA,NA,NA,NA,NA,NA,NA,NA,NA,NA,NA,NA,NA,NA,NA,NA,NA,NA,NA,NA,NA,NA,NA,NA,NA,NA,NA,NA,NA,NA,NA,NA,NA,NA,NA,NA,NA,NA,NA,NA,NA,NA,NA,NA,NA,NA,NA,NA,0.376388395650244
"Tolumnia_variegata","Tolumnia variegata","Orchidaceae","Liliopsida","Plantae","Calvo","Ecology","1993","PRI","N America","TMB",4,"Epiphyte","Reserva Forestal Cambalache, Arecibo","1988","5","1","1990","5","1","Unmanipulated","Mean","18.4501388888889","-66.5849444444444",7.7742536277101,0.820770386523641,3.9653049172732,23,0.0415637602776127,8.68067233688263,7.13667423002467,-4.71536741960943,NA,NA,NA,NA,NA,NA,NA,NA,NA,NA,NA,NA,NA,NA,NA,NA,NA,NA,NA,NA,NA,NA,NA,NA,NA,NA,NA,NA,NA,NA,NA,NA,NA,NA,NA,NA,NA,NA,NA,NA,NA,NA,1.35923067076437,0.359230670764367,NA,NA,NA,NA,NA,NA,NA,NA,NA,NA,NA,NA,0.247098961690152,10.8706340858079
"Cleistes_divaricata_var._bifaria","Cleistesiopsis bifaria","Orchidaceae","Liliopsida","Plantae","Wells; Willems","Book","1991","USA","N America","TBM",5,"Herbaceous perennial","Morningside Nature Center; Big Island","1986",NA,NA,"1990",NA,NA,"Unmanipulated","Mean",NA,NA,5.03047635938618,0.265549626357275,2.50495145584733,8,0.101853713711198,2.81820256920618,1.12517580872011,-0.313251113358846,NA,NA,NA,NA,NA,NA,NA,NA,NA,NA,NA,NA,NA,NA,NA,NA,NA,NA,NA,NA,NA,NA,NA,NA,NA,NA,NA,NA,NA,NA,NA,NA,NA,NA,NA,NA,NA,NA,NA,NA,NA,NA,0.510659904727999,0.489340095272001,NA,NA,NA,NA,NA,NA,NA,NA,NA,NA,NA,NA,0.087783301944976,0.0340223037787319
"Cleistes_divaricata_var._divaricata","Cleistesiopsis divaricata","Orchidaceae","Liliopsida","Plantae","Wells; Willems","Book","1991","USA","N America","TBM",5,"Herbaceous perennial","Big Island","1985",NA,NA,"1990",NA,NA,"Unmanipulated","Mean","34.0833333333333","-78.3",6.41006619683803,0.351974267056324,3.52877742972887,13,0.182430684283909,4.12169530537113,1.53452685421995,-0.592917875642253,NA,NA,NA,NA,NA,NA,NA,NA,NA,NA,NA,NA,NA,NA,NA,NA,NA,NA,NA,NA,NA,NA,NA,NA,NA,NA,NA,NA,NA,NA,NA,NA,NA,NA,NA,NA,NA,NA,NA,NA,NA,NA,0.732665389499702,0.267334610500298,NA,NA,NA,NA,NA,NA,NA,NA,NA,NA,NA,NA,0.187616779635023,0.136155892832331
"Corallorhiza_trifida","Corallorhiza trifida","Orchidaceae","Liliopsida","Plantae","Iriondo; Albert; Giménez; Lozano; Escudero","Book","2009","ESP","Europe","TBM",3,"Herbaceous perennial","Ordesa","2001",NA,NA,"2006",NA,NA,"Unmanipulated","Mean","42.6333333333333","0.0833333333333333",14.6595891248942,0.0570218230888657,8.52102581938681,34,1,8.14285714285714,1.37816867652967,0.378168676529667,NA,NA,NA,NA,NA,NA,NA,NA,NA,NA,NA,NA,NA,NA,NA,NA,NA,NA,NA,NA,NA,NA,NA,NA,NA,NA,NA,NA,NA,NA,NA,NA,NA,NA,NA,NA,NA,NA,NA,NA,NA,NA,0.890024330940045,0.109975669059955,NA,NA,NA,NA,NA,NA,NA,NA,NA,NA,NA,NA,0.0720470737910983,0.181239284839579
"Cypripedium_calceolus","Cypripedium calceolus","Orchidaceae","Liliopsida","Plantae","Nicolè; Brzosko; Till-Bottraud","J Ecol","2005","POL","Europe","TBM",10,"Herbaceous perennial","Zabudnik; Pogorzaly; Oparzelisko","1991",NA,NA,"2000",NA,NA,"Unmanipulated","Mean","53.2666666666667","22.65",264.902607755645,1.85927411611097,14.4031434643009,198,0.216947130666537,4.45850302167063,47.8740495076999,9.94464044263022,NA,NA,NA,NA,NA,NA,NA,NA,NA,NA,NA,NA,NA,NA,NA,NA,NA,NA,NA,NA,NA,NA,NA,NA,NA,NA,NA,NA,NA,NA,NA,NA,NA,NA,NA,NA,NA,NA,NA,NA,NA,NA,0.993795880554252,0.00620411944574761,NA,NA,NA,NA,NA,NA,NA,NA,NA,NA,NA,NA,18.2797160973072,0.192317658777176
"Cypripedium_calceolus_2","Cypripedium calceolus","Orchidaceae","Liliopsida","Plantae","García; Goñi; Guzman","Cons Biol","2010","ESP","Europe","MED",5,"Herbaceous perennial","Sallent","1997",NA,NA,"2002",NA,NA,"Unmanipulated","Mean","42.7669722222222","0.350777777777778",13.150707423404,0.372871291781182,10.4378549787059,52,0.802380927141086,2.50491240391062,9.07036967817596,7.93294257479524,NA,NA,NA,NA,NA,NA,NA,NA,NA,NA,NA,NA,NA,NA,NA,NA,NA,NA,NA,NA,NA,NA,NA,NA,NA,NA,NA,NA,NA,NA,NA,NA,NA,NA,NA,NA,NA,NA,NA,NA,NA,NA,1.04782346904564,0.0478234690456409,NA,NA,NA,NA,NA,NA,NA,NA,NA,NA,NA,NA,0.88205332798508,1.84843060262659
"Cypripedium_calceolus_2","Cypripedium calceolus","Orchidaceae","Liliopsida","Plantae","García; Goñi; Guzman","Cons Biol","2010","ESP","Europe","MED",5,"Herbaceous perennial","Sallent","1997",NA,NA,"2002",NA,NA,"Unmanipulated","Mean","42.7669722222222","0.350777777777778",25.4195633115252,0.203466503319729,18.1218356122668,90,0.87719863336746,2.55944589499532,13.2077472914365,15.5623897172714,NA,NA,NA,NA,NA,NA,NA,NA,NA,NA,NA,NA,NA,NA,NA,NA,NA,NA,NA,NA,NA,NA,NA,NA,NA,NA,NA,NA,NA,NA,NA,NA,NA,NA,NA,NA,NA,NA,NA,NA,NA,NA,0.989972822605574,0.0100271773944256,NA,NA,NA,NA,NA,NA,NA,NA,NA,NA,NA,NA,0.719948253690866,0.774008074123024
"Cypripedium_calceolus_3","Cypripedium calceolus","Orchidaceae","Liliopsida","Plantae","García; Goñi; Guzman","Cons Biol","2010","ESP","Europe","MED",6,"Herbaceous perennial","Pineta","1999",NA,NA,"2003",NA,NA,"Unmanipulated","Mean","42.6509444444444","0.117027777777778",18.7483343172315,0.159439952616868,20.0775679198927,96,0.974421437271616,2.25762364069307,15.0414972015605,17.8199442791996,NA,NA,NA,NA,NA,NA,NA,NA,NA,NA,NA,NA,NA,NA,NA,NA,NA,NA,NA,NA,NA,NA,NA,NA,NA,NA,NA,NA,NA,NA,NA,NA,NA,NA,NA,NA,NA,NA,NA,NA,NA,NA,1.02019586173733,0.0201958617373261,NA,NA,NA,NA,NA,NA,NA,NA,NA,NA,NA,NA,0.301077050462061,1.45479647489651
"Cypripedium_fasciculatum","Cypripedium fasciculatum","Orchidaceae","Liliopsida","Plantae","Thorpe; Stanley; Kayne; Latham","Report","2011","USA","N America","TCF",4,"Herbaceous perennial","Region 3; Region 4; Region 5","1999",NA,NA,"2007",NA,NA,"Unmanipulated","Mean",NA,NA,18.8506299335332,0.609155893546021,9.13929069985927,59,0.3248148238254,6.63602343599036,16.0633532343939,2.50326726386891,NA,NA,NA,NA,NA,NA,NA,NA,NA,NA,NA,NA,NA,NA,NA,NA,NA,NA,NA,NA,NA,NA,NA,NA,NA,NA,NA,NA,NA,NA,NA,NA,NA,NA,NA,NA,NA,NA,NA,NA,NA,NA,1.00418093933487,0.00418093933486796,NA,NA,NA,NA,NA,NA,NA,NA,NA,NA,NA,NA,0.320153960491097,1.08182457943995
"Cypripedium_lentiginosum","Cypripedium lentiginosum","Orchidaceae","Liliopsida","Plantae","Zhongjian; Rao Wenhui; Liqiang; Yuting","Acta Ecol Sinica","2008","CHN","Asia","TMB",20,"Herbaceous perennial","Yunnan",NA,NA,NA,NA,NA,NA,"Unmanipulated","Mean","23.1166666666667","104.633333333333",NA,NA,NA,NA,NA,NA,NA,NA,NA,NA,NA,NA,NA,NA,NA,NA,NA,NA,NA,NA,NA,NA,NA,NA,NA,NA,NA,NA,NA,NA,NA,NA,NA,NA,NA,NA,NA,NA,NA,NA,NA,NA,NA,NA,NA,NA,NA,NA,NA,NA,NA,NA,NA,NA,NA,NA,NA,NA,NA,NA,NA,NA,NA,NA,NA,0.376388395650244
"Cypripedium_parviflorum_var._parviflorum","Cypripedium parviflorum","Orchidaceae","Liliopsida","Plantae","Shefferson; Warren II.; Pulliam","J Ecol","2014",NA,NA,"TBM",29,"Herbaceous perennial","Gavin Nature Preserve","1994",NA,NA,"2012",NA,NA,"Unmanipulated","Mean",NA,NA,NA,0.731928012855617,NA,NA,NA,NA,NA,NA,NA,NA,NA,NA,NA,NA,NA,NA,NA,NA,NA,NA,NA,NA,NA,NA,NA,NA,NA,NA,NA,NA,NA,NA,NA,NA,NA,NA,NA,NA,NA,NA,NA,NA,NA,NA,NA,NA,NA,NA,NA,NA,NA,NA,NA,NA,NA,NA,NA,NA,NA,NA,NA,NA,NA,NA,NA,0.376388395650244
"Dactylorhiza_lapponica","Dactylorhiza lapponica","Orchidaceae","Liliopsida","Plantae","Sletvold; Øien; Moen","Biol Cons","2010","NOR","Europe","BOR; TUN",4,"Herbaceous perennial","Solendet; Tagdalen","1990",NA,NA,"2006",NA,NA,"Unmanipulated","Mean",NA,NA,13.2491066525349,0.035371190573098,1.06908361707801,2,0.00287538923719958,5.0581345448214,20.5171519347805,-3.98905092774339,NA,NA,NA,NA,NA,NA,NA,NA,NA,NA,NA,NA,NA,NA,NA,NA,NA,NA,NA,NA,NA,NA,NA,NA,NA,NA,NA,NA,NA,NA,NA,NA,NA,NA,NA,NA,NA,NA,NA,NA,NA,NA,1.11124685377953,0.111246853779531,NA,NA,NA,NA,NA,NA,NA,NA,NA,NA,NA,NA,0.148437601820782,4.0452818723943
"Dactylorhiza_lapponica_2","Dactylorhiza lapponica","Orchidaceae","Liliopsida","Plantae","Sletvold; Dahlgren; Øien; Moen; Ehrlen","Glob Change Biol","2013","NOR","Europe","TSC",4,"Herbaceous perennial","Solendet; Tagdalen","1990",NA,NA,"2006",NA,NA,"Unmanipulated","Mean",NA,NA,13.2491066525349,0.035371190573098,1.06908361707801,2,0.00287538923719958,5.0581345448214,20.5171519347805,-3.98905092774339,NA,NA,NA,NA,NA,NA,NA,NA,NA,NA,NA,NA,NA,NA,NA,NA,NA,NA,NA,NA,NA,NA,NA,NA,NA,NA,NA,NA,NA,NA,NA,NA,NA,NA,NA,NA,NA,NA,NA,NA,NA,NA,1.11124685377953,0.111246853779531,NA,NA,NA,NA,NA,NA,NA,NA,NA,NA,NA,NA,0.148437601820782,4.0452818723943
"Dactylorhiza_lapponica_3","Dactylorhiza lapponica","Orchidaceae","Liliopsida","Plantae","Sletvold; Agren","J Ecol","2015","NOR","Europe","BOR",3,"Herbaceous perennial","Solendet","2011","6","2","2012","6","2","Unmanipulated","Mean","62.6666666666667","11.8333333333333",NA,NA,1.33333333333333,5,0,1,1.28205128205128,0.333333333333333,NA,NA,NA,NA,NA,NA,NA,NA,NA,NA,NA,NA,NA,NA,NA,NA,NA,NA,NA,NA,NA,NA,NA,NA,NA,NA,NA,NA,NA,NA,NA,NA,NA,NA,NA,NA,NA,NA,NA,NA,NA,NA,0.89,0.11,NA,NA,NA,NA,NA,NA,NA,NA,NA,NA,NA,NA,NA,0
"Dactylorhiza_lapponica_3","Dactylorhiza lapponica","Orchidaceae","Liliopsida","Plantae","Sletvold; Agren","J Ecol","2015","NOR","Europe","BOR",3,"Herbaceous perennial","Tagdalen","2011","6","2","2012","6","2","Unmanipulated","Mean","63.05","9.08333333333333",NA,NA,1.72413793103448,7,0,1,1.26582278481013,0.724137931034483,NA,NA,NA,NA,NA,NA,NA,NA,NA,NA,NA,NA,NA,NA,NA,NA,NA,NA,NA,NA,NA,NA,NA,NA,NA,NA,NA,NA,NA,NA,NA,NA,NA,NA,NA,NA,NA,NA,NA,NA,NA,NA,0.94,0.0600000000000001,NA,NA,NA,NA,NA,NA,NA,NA,NA,NA,NA,NA,NA,0
"Epipactis_atrorubens","Epipactis atrorubens","Orchidaceae","Liliopsida","Plantae","Jäkäläniemi; Crone; Närhi; Tuomi","Ecology","2011","FIN","Europe","BOR",11,"Herbaceous perennial","Northern Finland","2000",NA,NA,"2008",NA,NA,"Moist site","Mean","66.3666666666667","29.3166666666667",48.3110652355117,0.794728966845539,1.83367062089326,7,0.00933868067986006,13.0701197442366,77.2444843144577,-11.2364491233433,NA,NA,NA,NA,NA,NA,NA,NA,NA,NA,NA,NA,NA,NA,NA,NA,NA,NA,NA,NA,NA,NA,NA,NA,NA,NA,NA,NA,NA,NA,NA,NA,NA,NA,NA,NA,NA,NA,NA,NA,NA,NA,1.03920012650994,0.0392001265099418,NA,NA,NA,NA,NA,NA,NA,NA,NA,NA,NA,NA,0.865823211657427,6.40848987717324
"Epipactis_atrorubens","Epipactis atrorubens","Orchidaceae","Liliopsida","Plantae","Jäkäläniemi; Crone; Närhi; Tuomi","Ecology","2011","FIN","Europe","BOR",11,"Herbaceous perennial","Northern Finland","2000",NA,NA,"2008",NA,NA,"Dry site","Mean","66.3666666666667","29.3166666666667",99.0096856807465,0.781153908839745,3.58491777951502,8,0.00941616329580761,13.1275108051951,262.477759914147,-9.54259302568003,NA,NA,NA,NA,NA,NA,NA,NA,NA,NA,NA,NA,NA,NA,NA,NA,NA,NA,NA,NA,NA,NA,NA,NA,NA,NA,NA,NA,NA,NA,NA,NA,NA,NA,NA,NA,NA,NA,NA,NA,NA,NA,1.02179729881722,0.0217972988172224,NA,NA,NA,NA,NA,NA,NA,NA,NA,NA,NA,NA,0.582776592815428,8.45670108629648
"Herminium_monorchis","Herminium monorchis","Orchidaceae","Liliopsida","Plantae","Wells; Rothery; Cox; Bamford","Bot J Lin Soc","1998","GBR","Europe","TBM",4,"Herbaceous perennial","Totternhoe Knolls, Bedforshire","1966",NA,NA,"1994",NA,NA,"Unmanipulated","Pooled","51.8833333333333","0.583333333333333",NA,-2.77555756156289e-17,NA,NA,NA,NA,NA,NA,NA,NA,NA,NA,NA,NA,NA,NA,NA,NA,NA,NA,NA,NA,NA,NA,NA,NA,NA,NA,NA,NA,NA,NA,NA,NA,NA,NA,NA,NA,NA,NA,NA,NA,NA,NA,NA,NA,NA,NA,NA,NA,1,4.44089209850063e-16,NA,NA,NA,NA,NA,NA,NA,NA,NA,NA,NA,NA,NA,0.376388395650244
"Himantoglossum_hircinum","Himantoglossum hircinum","Orchidaceae","Liliopsida","Plantae","Pfeifer; Wiegand; Heinrich; Jetschke","J Appl Ecol","2006","DEU","Europe","TBM",5,"Herbaceous perennial","Leutratal Nature Reserve","1976",NA,NA,"2004",NA,NA,"Unmanipulated","Mean","50.9346111111111","11.5843055555556",6.39621170929863,0.114296582425977,8.47007199111348,39,0.263609403865131,7.49650618236638,8.57194904838526,0.973565808747098,NA,NA,NA,NA,NA,NA,NA,NA,NA,NA,NA,NA,NA,NA,NA,NA,NA,NA,NA,NA,NA,NA,NA,NA,NA,NA,NA,NA,NA,NA,NA,NA,NA,NA,NA,NA,NA,NA,NA,NA,NA,NA,1.32051808590062,0.320518085900624,NA,NA,NA,NA,NA,NA,NA,NA,NA,NA,NA,NA,7.7219674140167,5.91979202132633
"Lepanthes_rupestris","Lepanthes rupestris","Orchidaceae","Liliopsida","Plantae","Tremblay; Ackerman","Biol J Linn Soc","2001","PRI","N America","TMB",6,"Herbaceous perennial","Population 1; Population 2; Population 3; Population 4; Population 5; Population 6; Population 7","1993",NA,"3","1996",NA,"1","Unmanipulated","Mean",NA,NA,140.168570935635,1.12810745760537,4.81353721289999,25,0.0109134974155342,7.98628401105042,47.3497647559953,-3.17274679815043,NA,NA,NA,NA,NA,NA,NA,NA,NA,NA,NA,NA,NA,NA,NA,NA,NA,NA,NA,NA,NA,NA,NA,NA,NA,NA,NA,NA,NA,NA,NA,NA,NA,NA,NA,NA,NA,NA,NA,NA,NA,NA,0.980433286432121,0.0195667135678788,NA,NA,NA,NA,NA,NA,NA,NA,NA,NA,NA,NA,0.071974080360702,0.0626729265660113
"Lepanthes_rupestris_2","Lepanthes rupestris","Orchidaceae","Liliopsida","Plantae","Tremblay; McCarthy","PLoS ONE","2014","PRI","N America","TMB",5,"Herbaceous perennial","Quebrada Grande 1","1993",NA,"3","1996","11",NA,"Unmanipulated","Mean","18.3169166666667","-65.8175",11.3138900570597,0.690389823716385,7.87669425463508,40,0.436251446907411,5.76719301875748,9.12544261756634,2.1095012358776,NA,NA,NA,NA,NA,NA,NA,NA,NA,NA,NA,NA,NA,NA,NA,NA,NA,NA,NA,NA,NA,NA,NA,NA,NA,NA,NA,NA,NA,NA,NA,NA,NA,NA,NA,NA,NA,NA,NA,NA,NA,NA,1.04971772017421,0.0497177201742058,NA,NA,NA,NA,NA,NA,NA,NA,NA,NA,NA,NA,1.07277874997348,1.73145923529148
"Lepanthes_rupestris_2","Lepanthes rupestris","Orchidaceae","Liliopsida","Plantae","Tremblay; McCarthy","PLoS ONE","2014","PRI","N America","TMB",5,"Herbaceous perennial","Quebrada Grande 2","1993",NA,"3","1996","11",NA,"Unmanipulated","Mean","18.3169166666667","-65.8175",10.6942468843615,0.956821706176302,3.23180099065993,25,0.141511863077267,4.59373169599859,6.9132895239557,-1.36193070533866,NA,NA,NA,NA,NA,NA,NA,NA,NA,NA,NA,NA,NA,NA,NA,NA,NA,NA,NA,NA,NA,NA,NA,NA,NA,NA,NA,NA,NA,NA,NA,NA,NA,NA,NA,NA,NA,NA,NA,NA,NA,NA,0.999387623652437,0.000612376347562726,NA,NA,NA,NA,NA,NA,NA,NA,NA,NA,NA,NA,0.610703695296702,0.993470500569013
"Lepanthes_rupestris_2","Lepanthes rupestris","Orchidaceae","Liliopsida","Plantae","Tremblay; McCarthy","PLoS ONE","2014","PRI","N America","TMB",5,"Herbaceous perennial","Quebrada Grande 3","1993",NA,"3","1996","11",NA,"Unmanipulated","Mean","18.3169166666667","-65.8175",10.9464935523996,0.515008437664051,13.0122352244636,71,0.516759256299059,6.24568234274276,16.7468157508919,6.76655288172086,NA,NA,NA,NA,NA,NA,NA,NA,NA,NA,NA,NA,NA,NA,NA,NA,NA,NA,NA,NA,NA,NA,NA,NA,NA,NA,NA,NA,NA,NA,NA,NA,NA,NA,NA,NA,NA,NA,NA,NA,NA,NA,1.21530504436223,0.215305044362229,NA,NA,NA,NA,NA,NA,NA,NA,NA,NA,NA,NA,0.991297610595801,8.45292656894847
"Lepanthes_rupestris_2","Lepanthes rupestris","Orchidaceae","Liliopsida","Plantae","Tremblay; McCarthy","PLoS ONE","2014","PRI","N America","TMB",5,"Herbaceous perennial","Quebrada Sonadora 4","1993",NA,"3","1996","11",NA,"Unmanipulated","Mean","18.3171388888889","-65.8169722222222",14.1519007117252,0.441167132676878,13.0393124069172,60,0.6279543196541,6.40296774325492,13.0850592808708,6.6363446636623,NA,NA,NA,NA,NA,NA,NA,NA,NA,NA,NA,NA,NA,NA,NA,NA,NA,NA,NA,NA,NA,NA,NA,NA,NA,NA,NA,NA,NA,NA,NA,NA,NA,NA,NA,NA,NA,NA,NA,NA,NA,NA,1.05300952113842,0.0530095211384245,NA,NA,NA,NA,NA,NA,NA,NA,NA,NA,NA,NA,1.07612849609207,2.07711075447921
"Lepanthes_rupestris_2","Lepanthes rupestris","Orchidaceae","Liliopsida","Plantae","Tremblay; McCarthy","PLoS ONE","2014","PRI","N America","TMB",5,"Herbaceous perennial","Quebrada Sonadora 5","1993",NA,"3","1996","11",NA,"Unmanipulated","Mean","18.3171388888889","-65.8169722222222",14.0316630790406,0.612202542729196,8.88702144037439,42,0.498766007192861,5.98849471793074,9.38990596596853,2.89852672244365,NA,NA,NA,NA,NA,NA,NA,NA,NA,NA,NA,NA,NA,NA,NA,NA,NA,NA,NA,NA,NA,NA,NA,NA,NA,NA,NA,NA,NA,NA,NA,NA,NA,NA,NA,NA,NA,NA,NA,NA,NA,NA,0.984636788587157,0.0153632114128427,NA,NA,NA,NA,NA,NA,NA,NA,NA,NA,NA,NA,0.821110855464221,0.804733188730182
"Lepanthes_rupestris_2","Lepanthes rupestris","Orchidaceae","Liliopsida","Plantae","Tremblay; McCarthy","PLoS ONE","2014","PRI","N America","TMB",5,"Herbaceous perennial","Quebrada Sonadora 6","1993",NA,"3","1996","11",NA,"Unmanipulated","Mean","18.3171388888889","-65.8169722222222",11.7843234012592,0.925248625728057,3.97105531819232,19,0.242208246253003,5.07020577151355,4.2248721408901,-1.09915045332123,NA,NA,NA,NA,NA,NA,NA,NA,NA,NA,NA,NA,NA,NA,NA,NA,NA,NA,NA,NA,NA,NA,NA,NA,NA,NA,NA,NA,NA,NA,NA,NA,NA,NA,NA,NA,NA,NA,NA,NA,NA,NA,0.809681466553133,0.190318533446867,NA,NA,NA,NA,NA,NA,NA,NA,NA,NA,NA,NA,0.194754516931664,0.083089254722653
"Lepanthes_rupestris_2","Lepanthes rupestris","Orchidaceae","Liliopsida","Plantae","Tremblay; McCarthy","PLoS ONE","2014","PRI","N America","TMB",5,"Herbaceous perennial","Quebrada Sonadora 7","1993",NA,"3","1996","11",NA,"Unmanipulated","Mean","18.3171388888889","-65.8169722222222",10.210379138518,0.915574711084164,2.48717591881931,15,0.10323336700258,4.23654767356787,4.88214247137498,-1.74937175474856,NA,NA,NA,NA,NA,NA,NA,NA,NA,NA,NA,NA,NA,NA,NA,NA,NA,NA,NA,NA,NA,NA,NA,NA,NA,NA,NA,NA,NA,NA,NA,NA,NA,NA,NA,NA,NA,NA,NA,NA,NA,NA,0.861900978641753,0.138099021358247,NA,NA,NA,NA,NA,NA,NA,NA,NA,NA,NA,NA,0.250476569089359,0.21927812864376
"Neotinea_ustulata","Neotinea ustulata","Orchidaceae","Liliopsida","Plantae","Shefferson; Tali","J Ecol","2007","EST","Europe","TBM",3,"Herbaceous perennial","Aljava; Jäneda; Kapi; Loetsa; Sillukse","1993",NA,NA,"2005",NA,NA,"Unmanipulated","Mean",NA,NA,0.333333333333333,0.178594319821576,5.16742866693606,17,0.999999999999999,4.4794711203897,1.70563337133202,0.687957546546364,NA,NA,NA,NA,NA,NA,NA,NA,NA,NA,NA,NA,NA,NA,NA,NA,NA,NA,NA,NA,NA,NA,NA,NA,NA,NA,NA,NA,NA,NA,NA,NA,NA,NA,NA,NA,NA,NA,NA,NA,NA,NA,0.999999999999999,6.66133814775094e-16,NA,NA,NA,NA,NA,NA,NA,NA,NA,NA,NA,NA,0.43333208453098,1
"Orchis_purpurea","Orchis purpurea","Orchidaceae","Liliopsida","Plantae","Jacquemyns; Brys; Jongejans","Ecology","2010","BEL","Europe","TBM",6,"Herbaceous perennial","Shaded site 1; Shaded site 2; Shaded site 3; Light environment 1; Light environment 2; Light environment 3","2002",NA,NA,"2008",NA,NA,"Unmanipulated","Mean","50.75","5.75",31.5663958995752,0.0742698192389623,39.7256909421061,180,0.890825098339325,5.98329840980258,39.1988530753936,33.7423925323035,NA,NA,NA,NA,NA,NA,NA,NA,NA,NA,NA,NA,NA,NA,NA,NA,NA,NA,NA,NA,NA,NA,NA,NA,NA,NA,NA,NA,NA,NA,NA,NA,NA,NA,NA,NA,NA,NA,NA,NA,NA,NA,1.03232142830751,0.0323214283075084,NA,NA,NA,NA,NA,NA,NA,NA,NA,NA,NA,NA,11.1997984168131,2.72953040654575
"Platanthera_hookeri","Platanthera hookeri","Orchidaceae","Liliopsida","Plantae","Reddoch; Reddoch","J Torrey Bot Soc","2007","CAN","N America","FGS",3,"Herbaceous perennial","Kingsmere core; Champlain core; Moorside","1990",NA,NA,"2005",NA,NA,"Unmanipulated","Mean","45.4833333333333","-75.85",NA,-0.00401662380928228,NA,NA,NA,NA,NA,NA,NA,NA,NA,NA,NA,NA,NA,NA,NA,NA,NA,NA,NA,NA,NA,NA,NA,NA,NA,NA,NA,NA,NA,NA,NA,NA,NA,NA,NA,NA,NA,NA,NA,NA,NA,NA,NA,NA,NA,NA,NA,NA,0.895422130327835,0.104577869672165,NA,NA,NA,NA,NA,NA,NA,NA,NA,NA,NA,NA,NA,NA
"Oncidium_poikilostalix_2","Oncidium poikilostalix","Orchidaceae","Liliopsida","Plantae","García-González; Damon; Raventós;  Riverón-Giró; M. Solís-Montero; L. Solís-Montero;","PLANT ECOL DIVERS","2017","MEX","N America","TMB",4,"Epiphyte","Fracción Montecristo","2013","7","NA","2014","7","NA","Unmanipulated","Individual",NA,NA,10.7757998730075,0.596606371003643,6.89666770631147,32,0.594264043878997,3.73467710721701,7.36665303782704,3.16199059909446,NA,NA,NA,NA,NA,NA,NA,NA,NA,NA,NA,NA,NA,NA,NA,NA,NA,NA,NA,NA,NA,NA,NA,NA,NA,NA,NA,NA,NA,NA,NA,NA,NA,NA,NA,NA,NA,NA,NA,NA,NA,NA,1.01354558898398,0.01354558898398,NA,NA,NA,NA,NA,NA,NA,NA,NA,NA,NA,NA,0.903829899240362,1.15602200522031
"Cleistes_bifaria","Cleistes bifaria","Orchidaceae","Liliopsida","Plantae","Gregg; Kéry","BIOL CONSERV","2006","USA","N America",NA,5,"Geophyte","West Virginia","1986","NA","NA","1996","NA","NA","Unmanipulated","Pooled",NA,NA,NA,NA,NA,NA,NA,NA,NA,NA,NA,NA,NA,NA,NA,NA,NA,NA,NA,NA,NA,NA,NA,NA,NA,NA,NA,NA,NA,NA,NA,NA,NA,NA,NA,NA,NA,NA,NA,NA,NA,NA,NA,NA,NA,NA,NA,NA,NA,NA,NA,NA,0,1,NA,NA,NA,NA,NA,NA,NA,NA,NA,NA,NA,NA,NA,NA
"Cleistes_bifaria","Cleistes bifaria","Orchidaceae","Liliopsida","Plantae","Gregg; Kéry","BIOL CONSERV","2006","USA","N America",NA,5,"Geophyte","Florida","1986","NA","NA","1996","NA","NA","Unmanipulated","Pooled",NA,NA,NA,NA,NA,NA,NA,NA,NA,NA,NA,NA,NA,NA,NA,NA,NA,NA,NA,NA,NA,NA,NA,NA,NA,NA,NA,NA,NA,NA,NA,NA,NA,NA,NA,NA,NA,NA,NA,NA,NA,NA,NA,NA,NA,NA,NA,NA,NA,NA,NA,NA,NA,NA,NA,NA,NA,NA,NA,NA,NA,NA,NA,NA,NA,NA,NA,0.376388395650244
"Lepanthes_acuminata","Lepanthes acuminata","Orchidaceae","Liliopsida","Plantae","Raventós; García-González; Riverón-Giró; Damon","Plant Ecol Divers","2018","MEX","S America",NA,4,"Epiphyte","Benito Juárez El Plan","2013","7","NA","2015","7","NA","Unmanipulated","Mean",NA,NA,5.86412516845214,0.339521472572827,1.42912080206838,7,0.220000000000001,2,1.95144689516503,-0.570879197931622,NA,NA,NA,NA,NA,NA,NA,NA,NA,NA,NA,NA,NA,NA,NA,NA,NA,NA,NA,NA,NA,NA,NA,NA,NA,NA,NA,NA,NA,NA,NA,NA,NA,NA,NA,NA,NA,NA,NA,NA,NA,NA,0.52144160683004,0.47855839316996,NA,NA,NA,NA,NA,NA,NA,NA,NA,NA,NA,NA,0.0225728226226982,0.021961334094424
"Oncidium_poikilostalix","Oncidium poikilostalix","Orchidaceae","Liliopsida","Plantae","Raventós; García-González; Riverón-Giró; Damon","Plant Ecol Divers","2018","MEX","S America",NA,6,"Epiphyte","Fracción Montecristo","2013","7","NA","2015","7","NA","Unmanipulated","Mean",NA,NA,5.45274624492659,0.833015011936304,2.91156760204723,13,0.269230769230769,4.17620975515712,2.40834480934518,-1.2646421531099,NA,NA,NA,NA,NA,NA,NA,NA,NA,NA,NA,NA,NA,NA,NA,NA,NA,NA,NA,NA,NA,NA,NA,NA,NA,NA,NA,NA,NA,NA,NA,NA,NA,NA,NA,NA,NA,NA,NA,NA,NA,NA,1.33003220004344,0.330032200043438,NA,NA,NA,NA,NA,NA,NA,NA,NA,NA,NA,NA,7.01738593980192,4.73575146716869
"Cephalanthera_longifolia","Cephalanthera longifolia","Orchidaceae","Liliopsida","Plantae","Shefferson; Kull; Tali; Kellett","ECOSPHERE","2012","EST","Europe","TBM",6,"Geophyte","Muhu; Varangu","2002","4","1","2006","4","1","Unmanipulated","Mean",NA,NA,5.92151224739799,0.846859534737797,3.10768117263201,16,0.269230769230769,3.98917500410038,3.35796882393353,-0.88149383146837,NA,NA,NA,NA,NA,NA,NA,NA,NA,NA,NA,NA,NA,NA,NA,NA,NA,NA,NA,NA,NA,NA,NA,NA,NA,NA,NA,NA,NA,NA,NA,NA,NA,NA,NA,NA,NA,NA,NA,NA,NA,NA,1.26764935565485,0.267649355654848,NA,NA,NA,NA,NA,NA,NA,NA,NA,NA,NA,NA,7.06323783550561,4.07296491500265
"Cephalanthera_longifolia","Cephalanthera longifolia","Orchidaceae","Liliopsida","Plantae","Shefferson; Kull; Tali; Kellett","ECOSPHERE","2012","EST","Europe","TBM",6,"Geophyte","Muhu; Varangu","2002","4","1","2006","4","1","Defoliation in May/2002 and June/2003","Mean",NA,NA,6.16076479380819,0.843787559791551,3.08838194313562,16,0.269230769230769,3.79873366563384,3.41173035013871,-0.710351722498228,NA,NA,NA,NA,NA,NA,NA,NA,NA,NA,NA,NA,NA,NA,NA,NA,NA,NA,NA,NA,NA,NA,NA,NA,NA,NA,NA,NA,NA,NA,NA,NA,NA,NA,NA,NA,NA,NA,NA,NA,NA,NA,1.22978082671187,0.229780826711875,NA,NA,NA,NA,NA,NA,NA,NA,NA,NA,NA,NA,6.95648252122502,3.57608177267234
"Cephalanthera_longifolia","Cephalanthera longifolia","Orchidaceae","Liliopsida","Plantae","Shefferson; Kull; Tali; Kellett","ECOSPHERE","2012","EST","Europe","TBM",9,"Geophyte","Muhu; Varangu","2002","4","1","2006","4","1","Shaded from 2002 to 2004","Mean",NA,NA,22.2501694118775,0.296375328614485,1.24258008621517,5,0.00269230769230767,7.87620192307699,34.5766213084921,-6.63362183686182,NA,NA,NA,NA,NA,NA,NA,NA,NA,NA,NA,NA,NA,NA,NA,NA,NA,NA,NA,NA,NA,NA,NA,NA,NA,NA,NA,NA,NA,NA,NA,NA,NA,NA,NA,NA,NA,NA,NA,NA,NA,NA,1.13115646355042,0.131156463550419,NA,NA,NA,NA,NA,NA,NA,NA,NA,NA,NA,NA,1.85450947894828,15.5198932517945
"Cypripedium_calceolus_4","Cypripedium calceolus","Orchidaceae","Liliopsida","Plantae","Shefferson; Kull; Tali; Kellett","ECOSPHERE","2012","EST","Europe","TBM",9,"Geophyte","Kolga; Laelatu; Sarapiku","2002","4","1","2007","4","1","Unmanipulated","Mean",NA,NA,17.5005445481152,0.250029890749181,1.17353806865563,5,0.00269230769230771,6.80960174577193,10.0366075480304,-5.63606367711629,NA,NA,NA,NA,NA,NA,NA,NA,NA,NA,NA,NA,NA,NA,NA,NA,NA,NA,NA,NA,NA,NA,NA,NA,NA,NA,NA,NA,NA,NA,NA,NA,NA,NA,NA,NA,NA,NA,NA,NA,NA,NA,0.995651519310098,0.00434848068990168,NA,NA,NA,NA,NA,NA,NA,NA,NA,NA,NA,NA,0.279307668056425,0.926569036642837
"Cypripedium_calceolus_4","Cypripedium calceolus","Orchidaceae","Liliopsida","Plantae","Shefferson; Kull; Tali; Kellett","ECOSPHERE","2012","EST","Europe","TBM",9,"Geophyte","Kolga; Laelatu; Sarapiku","2002","4","1","2007","4","1","Defoliation in May/2002 and June/2003","Mean",NA,NA,12.145977666514,0.242563619376841,1.1560295318121,5,0.00269230769230774,7.35574167952382,2.72125930982241,-6.19971214771172,NA,NA,NA,NA,NA,NA,NA,NA,NA,NA,NA,NA,NA,NA,NA,NA,NA,NA,NA,NA,NA,NA,NA,NA,NA,NA,NA,NA,NA,NA,NA,NA,NA,NA,NA,NA,NA,NA,NA,NA,NA,NA,0.888029728546438,0.111970271453562,NA,NA,NA,NA,NA,NA,NA,NA,NA,NA,NA,NA,0.317282584308065,0.236375045875987
"Cypripedium_calceolus_4","Cypripedium calceolus","Orchidaceae","Liliopsida","Plantae","Shefferson; Kull; Tali; Kellett","ECOSPHERE","2012","EST","Europe","TBM",4,"Geophyte","Kolga; Laelatu; Sarapiku","2002","4","1","2007","4","1","Shaded from 2002 to 2004","Mean",NA,NA,NA,NA,NA,NA,NA,NA,NA,NA,NA,NA,NA,NA,NA,NA,NA,NA,NA,NA,NA,NA,NA,NA,NA,NA,NA,NA,NA,NA,NA,NA,NA,NA,NA,NA,NA,NA,NA,NA,NA,NA,NA,NA,NA,NA,NA,NA,NA,NA,NA,NA,NA,NA,NA,NA,NA,NA,NA,NA,NA,NA,NA,NA,NA,NA,NA,0.376388395650244
"Telipogon_helleri","Telipogon helleri","Orchidaceae","Liliopsida","Plantae","Raventós; García-González; Riverón-Giró; Damon","Plant Ecol Divers","2018","MEX","S America",NA,4,"Epiphyte","Benito Juárez El Plan","2013","7","NA","2015","7","NA","Unmanipulated","Mean",NA,NA,36.7726557032631,0.237171069615326,1.25607056830426,7,0.0251395534290272,2.144479352564,4.6956117151533,-0.888408784259737,NA,NA,NA,NA,NA,NA,NA,NA,NA,NA,NA,NA,NA,NA,NA,NA,NA,NA,NA,NA,NA,NA,NA,NA,NA,NA,NA,NA,NA,NA,NA,NA,NA,NA,NA,NA,NA,NA,NA,NA,NA,NA,0.766500347307321,0.233499652692679,NA,NA,NA,NA,NA,NA,NA,NA,NA,NA,NA,NA,0.0438082644733539,5.66516584571759e-05
"Lepanthes_rubripetala_2","Lepanthes rubripetala","Orchidaceae","Liliopsida","Plantae","Schödelbauerová; Tremblay; Pavel Kindlmann","BIODIVERS CONSERV","2010","PRI","N America","TMB",4,"Epiphyte","Population1","1994","6","NA","1996","1","NA","Unmanipulated","Mean",NA,NA,13.933505285847,0.160972475303987,1.14387095898057,5,0.0332261521972135,2.07181136120042,2.16876144286683,-0.927940402219853,NA,NA,NA,NA,NA,NA,NA,NA,NA,NA,NA,NA,NA,NA,NA,NA,NA,NA,NA,NA,NA,NA,NA,NA,NA,NA,NA,NA,NA,NA,NA,NA,NA,NA,NA,NA,NA,NA,NA,NA,NA,NA,0.499407940487205,0.500592059512795,NA,NA,NA,NA,NA,NA,NA,NA,NA,NA,NA,NA,0.0220983173297118,6.28676642090998e-05
"Lepanthes_rubripetala_2","Lepanthes rubripetala","Orchidaceae","Liliopsida","Plantae","Schödelbauerová; Tremblay; Pavel Kindlmann","BIODIVERS CONSERV","2010","PRI","N America","TMB",4,"Epiphyte","Population2","1994","6","NA","1996","1","NA","Unmanipulated","Mean",NA,NA,14.7460094694656,0.199135199107273,1.2069863879511,5,0.0297142857142857,2.14285714285714,2.15819574835438,-0.935870754906041,NA,NA,NA,NA,NA,NA,NA,NA,NA,NA,NA,NA,NA,NA,NA,NA,NA,NA,NA,NA,NA,NA,NA,NA,NA,NA,NA,NA,NA,NA,NA,NA,NA,NA,NA,NA,NA,NA,NA,NA,NA,NA,0.506154571315356,0.493845428684644,NA,NA,NA,NA,NA,NA,NA,NA,NA,NA,NA,NA,0.014246430762952,4.35869749535351e-05
