"scrubbed_family","scrubbed_genus","scrubbed_species_binomial","trait_name","trait_value","unit","method","latitude","longitude","elevation_m","url_source","project_pi","project_pi_contact","access","id"
"Orchidaceae","Aspasia","Aspasia principissa","whole plant growth form","Non-woody epiphyte",NA,"Species with multiple growth form classifications were assigned the growth form classification agreed upon by the majority (>2/3) of sources. Species with ambiguous or otherwise not interpretable growth form assignments were excluded from the final dataset but are made available with the original data.",NA,NA,NA,"http://onlinelibrary.wiley.com/doi/10.1002/ecy.1569/abstract","Engemann, K","engemann@bios.au.dk","public",14645623
"Orchidaceae","Aspasia","Aspasia principissa","whole plant growth form diversity","Tree_Non-woody epiphyte",NA,"Species with multiple growth form classifications were assigned the growth form classification agreed upon by the majority (>2/3) of sources. Species with ambiguous or otherwise not interpretable growth form assignments were excluded from the final dataset but are made available with the original data.",NA,NA,NA,"http://onlinelibrary.wiley.com/doi/10.1002/ecy.1569/abstract","Engemann, K","engemann@bios.au.dk","public",14645624
"Orchidaceae","Corallorhiza","Corallorhiza trifida","whole plant growth form diversity","Herb",NA,"Species with multiple growth form classifications were assigned the growth form classification agreed upon by the majority (>2/3) of sources. Species with ambiguous or otherwise not interpretable growth form assignments were excluded from the final dataset but are made available with the original data.",NA,NA,NA,"http://onlinelibrary.wiley.com/doi/10.1002/ecy.1569/abstract","Engemann, K","engemann@bios.au.dk","public",14646583
"Orchidaceae","Corallorhiza","Corallorhiza trifida","whole plant growth form","Herb",NA,"Species with multiple growth form classifications were assigned the growth form classification agreed upon by the majority (>2/3) of sources. Species with ambiguous or otherwise not interpretable growth form assignments were excluded from the final dataset but are made available with the original data.",NA,NA,NA,"http://onlinelibrary.wiley.com/doi/10.1002/ecy.1569/abstract","Engemann, K","engemann@bios.au.dk","public",14646582
"Orchidaceae","Corallorhiza","Corallorhiza trifida","whole plant woodiness","herbaceous",NA,NA,NA,NA,NA,"http://datadryad.org/resource/doi:10.5061/dryad.63q27.2","Zanne AE","aezanne@gmail.com","public",15817701
"Orchidaceae","Cypripedium","Cypripedium calceolus","whole plant growth form diversity","Herb",NA,"Species with multiple growth form classifications were assigned the growth form classification agreed upon by the majority (>2/3) of sources. Species with ambiguous or otherwise not interpretable growth form assignments were excluded from the final dataset but are made available with the original data.",NA,NA,NA,"http://onlinelibrary.wiley.com/doi/10.1002/ecy.1569/abstract","Engemann, K","engemann@bios.au.dk","public",14646546
"Orchidaceae","Cypripedium","Cypripedium calceolus","plant flowering begin","5","month","first-flowering time",NA,NA,NA,"http://www.ufz.de/biolflor/index.jsp","Ingolf Kuhn","ingolf.kuehn@ufz.de","public",14598595
"Orchidaceae","Cypripedium","Cypripedium calceolus","whole plant height","0.15","m","actual measurement (following LEDA data standards) - maximum height",NA,NA,NA,"http://www.leda-traitbase.org/LEDAportal/","Michael Kleyer","michael.kleyer@uni-oldenburg.de","public",15971518
"Orchidaceae","Cypripedium","Cypripedium calceolus","whole plant height","0.325","m","actual measurement (following LEDA data standards) - maximum height",NA,NA,NA,"http://www.leda-traitbase.org/LEDAportal/","Michael Kleyer","michael.kleyer@uni-oldenburg.de","public",15971481
"Orchidaceae","Cypripedium","Cypripedium calceolus","whole plant height","0.5","m","actual measurement (following LEDA data standards) - maximum height",NA,NA,NA,"http://www.leda-traitbase.org/LEDAportal/","Michael Kleyer","michael.kleyer@uni-oldenburg.de","public",15971482
"Orchidaceae","Cypripedium","Cypripedium calceolus","whole plant woodiness","herbaceous",NA,NA,NA,NA,NA,"http://datadryad.org/resource/doi:10.5061/dryad.63q27.2","Zanne AE","aezanne@gmail.com","public",15818935
"Orchidaceae","Cypripedium","Cypripedium calceolus","whole plant growth form","Herb",NA,"Species with multiple growth form classifications were assigned the growth form classification agreed upon by the majority (>2/3) of sources. Species with ambiguous or otherwise not interpretable growth form assignments were excluded from the final dataset but are made available with the original data.",NA,NA,NA,"http://onlinelibrary.wiley.com/doi/10.1002/ecy.1569/abstract","Engemann, K","engemann@bios.au.dk","public",14646545
"Orchidaceae","Cypripedium","Cypripedium fasciculatum","seed mass","0.001","mg","data compilation; average of 1000 seeds",NA,NA,NA,"http://www.kew.org/data/sid ","Liu, K., Eastwood, R.J., Flynn, S., Turner, R.M., and Stuppy, W.H.","sid@kew.org ","public",592277
"Orchidaceae","Cypripedium","Cypripedium fasciculatum","whole plant growth form","Herb",NA,"Species with multiple growth form classifications were assigned the growth form classification agreed upon by the majority (>2/3) of sources. Species with ambiguous or otherwise not interpretable growth form assignments were excluded from the final dataset but are made available with the original data.",NA,NA,NA,"http://onlinelibrary.wiley.com/doi/10.1002/ecy.1569/abstract","Engemann, K","engemann@bios.au.dk","public",14646550
"Orchidaceae","Cypripedium","Cypripedium fasciculatum","whole plant growth form diversity","Herb",NA,"Species with multiple growth form classifications were assigned the growth form classification agreed upon by the majority (>2/3) of sources. Species with ambiguous or otherwise not interpretable growth form assignments were excluded from the final dataset but are made available with the original data.",NA,NA,NA,"http://onlinelibrary.wiley.com/doi/10.1002/ecy.1569/abstract","Engemann, K","engemann@bios.au.dk","public",14646551
"Orchidaceae","Cypripedium","Cypripedium fasciculatum","seed mass","0.001","mg","data compilation",NA,NA,NA,"http://ucjeps.berkeley.edu/EFT.html","D.D. Ackerly","dackerly@berkeley.edu","public",454070
"Orchidaceae","Cypripedium","Cypripedium fasciculatum","whole plant woodiness","herbaceous",NA,NA,NA,NA,NA,"http://datadryad.org/resource/doi:10.5061/dryad.63q27.2","Zanne AE","aezanne@gmail.com","public",15818939
"Orchidaceae","Cypripedium","Cypripedium parviflorum","whole plant growth form","herb",NA,NA,NA,NA,NA,"http://onlinelibrary.wiley.com/doi/10.1111/j.1469-8137.2008.02528.x/full","Beaulieu JM","jeremy.beaulieu@yale.edu","public",270477
"Orchidaceae","Cypripedium","Cypripedium parviflorum","whole plant growth form diversity","Herb",NA,"Species with multiple growth form classifications were assigned the growth form classification agreed upon by the majority (>2/3) of sources. Species with ambiguous or otherwise not interpretable growth form assignments were excluded from the final dataset but are made available with the original data.",NA,NA,NA,"http://onlinelibrary.wiley.com/doi/10.1002/ecy.1569/abstract","Engemann, K","engemann@bios.au.dk","public",14646561
"Orchidaceae","Cypripedium","Cypripedium parviflorum","whole plant growth form","Herb",NA,"Species with multiple growth form classifications were assigned the growth form classification agreed upon by the majority (>2/3) of sources. Species with ambiguous or otherwise not interpretable growth form assignments were excluded from the final dataset but are made available with the original data.",NA,NA,NA,"http://onlinelibrary.wiley.com/doi/10.1002/ecy.1569/abstract","Engemann, K","engemann@bios.au.dk","public",14646560
"Orchidaceae","Cypripedium","Cypripedium parviflorum","whole plant woodiness","herbaceous",NA,NA,NA,NA,NA,"http://datadryad.org/resource/doi:10.5061/dryad.63q27.2","Zanne AE","aezanne@gmail.com","public",15818945
"Orchidaceae","Dactylorhiza","Dactylorhiza lapponica",NA,"aquatic",NA,NA,NA,NA,NA,"https://link-springer-com.ezproxy3.library.arizona.edu/content/pdf/10.1007%2F978-94-007-6913-7.pdf","Hobohm C",NA,"public",1743333
"Orchidaceae","Dactylorhiza","Dactylorhiza lapponica","whole plant growth form diversity","Herb",NA,"Species with multiple growth form classifications were assigned the growth form classification agreed upon by the majority (>2/3) of sources. Species with ambiguous or otherwise not interpretable growth form assignments were excluded from the final dataset but are made available with the original data.",NA,NA,NA,"http://onlinelibrary.wiley.com/doi/10.1002/ecy.1569/abstract","Engemann, K","engemann@bios.au.dk","public",14646871
"Orchidaceae","Dactylorhiza","Dactylorhiza lapponica","plant flowering begin","6","month","first-flowering time",NA,NA,NA,"http://www.ufz.de/biolflor/index.jsp","Ingolf Kuhn","ingolf.kuehn@ufz.de","public",14598583
"Orchidaceae","Dactylorhiza","Dactylorhiza lapponica","whole plant growth form","Herb",NA,"Species with multiple growth form classifications were assigned the growth form classification agreed upon by the majority (>2/3) of sources. Species with ambiguous or otherwise not interpretable growth form assignments were excluded from the final dataset but are made available with the original data.",NA,NA,NA,"http://onlinelibrary.wiley.com/doi/10.1002/ecy.1569/abstract","Engemann, K","engemann@bios.au.dk","public",14646870
"Orchidaceae","Dactylorhiza","Dactylorhiza lapponica",NA,"aquatic*",NA,NA,NA,NA,NA,"https://link-springer-com.ezproxy3.library.arizona.edu/content/pdf/10.1007%2F978-94-007-6913-7.pdf","Hobohm C",NA,"public",1743359
"Orchidaceae","Epipactis","Epipactis atrorubens","leaf dry mass","0.1358","g","actual measurement",NA,NA,NA,"http://www.leda-traitbase.org/LEDAportal/","Michael Kleyer","michael.kleyer@uni-oldenburg.de","public",15916624
"Orchidaceae","Epipactis","Epipactis atrorubens","leaf dry mass","0.08904","g","actual measurement",NA,NA,NA,"http://www.leda-traitbase.org/LEDAportal/","Michael Kleyer","michael.kleyer@uni-oldenburg.de","public",15916353
"Orchidaceae","Epipactis","Epipactis atrorubens","leaf dry mass","0.025","g","actual measurement",NA,NA,NA,"http://www.leda-traitbase.org/LEDAportal/","Michael Kleyer","michael.kleyer@uni-oldenburg.de","public",15916622
"Orchidaceae","Epipactis","Epipactis atrorubens","leaf dry mass","0.1358","g","actual measurement",NA,NA,NA,"http://www.leda-traitbase.org/LEDAportal/","Michael Kleyer","michael.kleyer@uni-oldenburg.de","public",15916356
"Orchidaceae","Epipactis","Epipactis atrorubens","whole plant height","0.3","m","actual measurement (following LEDA data standards) - maximum height",NA,NA,NA,"http://www.leda-traitbase.org/LEDAportal/","Michael Kleyer","michael.kleyer@uni-oldenburg.de","public",15916360
"Orchidaceae","Epipactis","Epipactis atrorubens","leaf area per leaf dry mass","22.74","m2.kg-1","area/dry mass (Cornelissen et al. 2003)",NA,NA,NA,"http://www.leda-traitbase.org/LEDAportal/","Michael Kleyer","michael.kleyer@uni-oldenburg.de","public",15916362
"Orchidaceae","Epipactis","Epipactis atrorubens","leaf dry mass","0.05376","g","actual measurement",NA,NA,NA,"http://www.leda-traitbase.org/LEDAportal/","Michael Kleyer","michael.kleyer@uni-oldenburg.de","public",15916351
"Orchidaceae","Epipactis","Epipactis atrorubens","whole plant woodiness","herbaceous",NA,NA,NA,NA,NA,"http://datadryad.org/resource/doi:10.5061/dryad.63q27.2","Zanne AE","aezanne@gmail.com","public",15734946
"Orchidaceae","Epipactis","Epipactis atrorubens","leaf dry mass","0.08904","g","actual measurement",NA,NA,NA,"http://www.leda-traitbase.org/LEDAportal/","Michael Kleyer","michael.kleyer@uni-oldenburg.de","public",15916358
"Orchidaceae","Epipactis","Epipactis atrorubens","leaf dry mass per leaf fresh mass","232","mg.g-1","laboratory/greenhouse/garden experiment; rehydration status unknown",NA,NA,NA,"http://www.leda-traitbase.org/LEDAportal/","Michael Kleyer","michael.kleyer@uni-oldenburg.de","public",15916369
"Orchidaceae","Epipactis","Epipactis atrorubens","leaf dry mass per leaf fresh mass","189.2","mg.g-1","laboratory/greenhouse/garden experiment; rehydration status unknown",NA,NA,NA,"http://www.leda-traitbase.org/LEDAportal/","Michael Kleyer","michael.kleyer@uni-oldenburg.de","public",15916372
"Orchidaceae","Epipactis","Epipactis atrorubens","leaf area","746","mm2","actual measurement",NA,NA,NA,"http://www.leda-traitbase.org/LEDAportal/","K. Thompson","ken.thompson@sheffield.ac.uk","public",15979834
"Orchidaceae","Epipactis","Epipactis atrorubens","leaf dry mass","0.08758","g","actual measurement",NA,NA,NA,"http://www.leda-traitbase.org/LEDAportal/","Michael Kleyer","michael.kleyer@uni-oldenburg.de","public",15916620
"Orchidaceae","Epipactis","Epipactis atrorubens","leaf area per leaf dry mass","23.03","m2.kg-1","area/dry mass (Cornelissen et al. 2003)",NA,NA,NA,"http://www.leda-traitbase.org/LEDAportal/","Michael Kleyer","michael.kleyer@uni-oldenburg.de","public",15916363
"Orchidaceae","Epipactis","Epipactis atrorubens","leaf dry mass","0.05376","g","actual measurement",NA,NA,NA,"http://www.leda-traitbase.org/LEDAportal/","Michael Kleyer","michael.kleyer@uni-oldenburg.de","public",15916357
"Orchidaceae","Epipactis","Epipactis atrorubens","leaf dry mass per leaf fresh mass","232","mg.g-1","laboratory/greenhouse/garden experiment; rehydration status unknown",NA,NA,NA,"http://www.leda-traitbase.org/LEDAportal/","Michael Kleyer","michael.kleyer@uni-oldenburg.de","public",15916370
"Orchidaceae","Epipactis","Epipactis atrorubens","leaf area per leaf dry mass","22.74","m2.kg-1","area/dry mass (Cornelissen et al. 2003)",NA,NA,NA,"http://www.leda-traitbase.org/LEDAportal/","Michael Kleyer","michael.kleyer@uni-oldenburg.de","public",15916366
"Orchidaceae","Epipactis","Epipactis atrorubens","whole plant growth form diversity","Herb",NA,"Species with multiple growth form classifications were assigned the growth form classification agreed upon by the majority (>2/3) of sources. Species with ambiguous or otherwise not interpretable growth form assignments were excluded from the final dataset but are made available with the original data.",NA,NA,NA,"http://onlinelibrary.wiley.com/doi/10.1002/ecy.1569/abstract","Engemann, K","engemann@bios.au.dk","public",14647719
"Orchidaceae","Epipactis","Epipactis atrorubens","leaf dry mass","0.025","g","actual measurement",NA,NA,NA,"http://www.leda-traitbase.org/LEDAportal/","Michael Kleyer","michael.kleyer@uni-oldenburg.de","public",15916621
"Orchidaceae","Epipactis","Epipactis atrorubens","leaf dry mass per leaf fresh mass","208.85","mg.g-1","laboratory/greenhouse/garden experiment; rehydration status unknown",NA,NA,NA,"http://www.leda-traitbase.org/LEDAportal/","Michael Kleyer","michael.kleyer@uni-oldenburg.de","public",15916374
"Orchidaceae","Epipactis","Epipactis atrorubens","leaf area per leaf dry mass","29.8","m2.kg-1","area/dry mass (Cornelissen et al. 2003)",NA,NA,NA,"http://www.leda-traitbase.org/LEDAportal/","Michael Kleyer","michael.kleyer@uni-oldenburg.de","public",15916367
"Orchidaceae","Epipactis","Epipactis atrorubens","leaf area","1859","mm2","actual measurement",NA,NA,NA,"http://www.leda-traitbase.org/LEDAportal/","D.K. Kunzmann","dkunzmann@gmx.de","public",15979835
"Orchidaceae","Epipactis","Epipactis atrorubens","leaf dry mass per leaf fresh mass","210.19","mg.g-1","laboratory/greenhouse/garden experiment; rehydration status unknown",NA,NA,NA,"http://www.leda-traitbase.org/LEDAportal/","Michael Kleyer","michael.kleyer@uni-oldenburg.de","public",15916371
"Orchidaceae","Epipactis","Epipactis atrorubens","leaf dry mass","0.08758","g","actual measurement",NA,NA,NA,"http://www.leda-traitbase.org/LEDAportal/","Michael Kleyer","michael.kleyer@uni-oldenburg.de","public",15916352
"Orchidaceae","Epipactis","Epipactis atrorubens","leaf dry mass","0.08758","g","actual measurement",NA,NA,NA,"http://www.leda-traitbase.org/LEDAportal/","Michael Kleyer","michael.kleyer@uni-oldenburg.de","public",15916623
"Orchidaceae","Epipactis","Epipactis atrorubens","whole plant height","0.225","m","actual measurement (following LEDA data standards) - maximum height",NA,NA,NA,"http://www.leda-traitbase.org/LEDAportal/","Michael Kleyer","michael.kleyer@uni-oldenburg.de","public",15916359
"Orchidaceae","Epipactis","Epipactis atrorubens","leaf dry mass per leaf fresh mass","210.19","mg.g-1","laboratory/greenhouse/garden experiment; rehydration status unknown",NA,NA,NA,"http://www.leda-traitbase.org/LEDAportal/","Michael Kleyer","michael.kleyer@uni-oldenburg.de","public",15916375
"Orchidaceae","Epipactis","Epipactis atrorubens","whole plant growth form","Herb",NA,"Species with multiple growth form classifications were assigned the growth form classification agreed upon by the majority (>2/3) of sources. Species with ambiguous or otherwise not interpretable growth form assignments were excluded from the final dataset but are made available with the original data.",NA,NA,NA,"http://onlinelibrary.wiley.com/doi/10.1002/ecy.1569/abstract","Engemann, K","engemann@bios.au.dk","public",14647721
"Orchidaceae","Epipactis","Epipactis atrorubens","leaf area per leaf dry mass","29.8","m2.kg-1","area/dry mass (Cornelissen et al. 2003)",NA,NA,NA,"http://www.leda-traitbase.org/LEDAportal/","Michael Kleyer","michael.kleyer@uni-oldenburg.de","public",15916368
"Orchidaceae","Epipactis","Epipactis atrorubens","leaf dry mass","0.08758","g","actual measurement",NA,NA,NA,"http://www.leda-traitbase.org/LEDAportal/","Michael Kleyer","michael.kleyer@uni-oldenburg.de","public",15916355
"Orchidaceae","Epipactis","Epipactis atrorubens","whole plant height","0.15","m","actual measurement (following LEDA data standards) - maximum height",NA,NA,NA,"http://www.leda-traitbase.org/LEDAportal/","Michael Kleyer","michael.kleyer@uni-oldenburg.de","public",15916361
"Orchidaceae","Epipactis","Epipactis atrorubens","leaf area per leaf dry mass","26.67","m2.kg-1","area/dry mass (Cornelissen et al. 2003)",NA,NA,NA,"http://www.leda-traitbase.org/LEDAportal/","Michael Kleyer","michael.kleyer@uni-oldenburg.de","public",15916364
"Orchidaceae","Epipactis","Epipactis atrorubens","plant flowering begin","6","month","first-flowering time",NA,NA,NA,"http://www.ufz.de/biolflor/index.jsp","Ingolf Kuhn","ingolf.kuehn@ufz.de","public",14599108
"Orchidaceae","Epipactis","Epipactis atrorubens","leaf area per leaf dry mass","19.33","m2.kg-1","area/dry mass (Cornelissen et al. 2003)",NA,NA,NA,"http://www.leda-traitbase.org/LEDAportal/","Michael Kleyer","michael.kleyer@uni-oldenburg.de","public",15916365
"Orchidaceae","Epipactis","Epipactis atrorubens","leaf dry mass per leaf fresh mass","222.08","mg.g-1","laboratory/greenhouse/garden experiment; rehydration status unknown",NA,NA,NA,"http://www.leda-traitbase.org/LEDAportal/","Michael Kleyer","michael.kleyer@uni-oldenburg.de","public",15916373
"Orchidaceae","Guarianthe","Guarianthe aurantiaca","whole plant growth form","Non-woody epiphyte",NA,"Species with multiple growth form classifications were assigned the growth form classification agreed upon by the majority (>2/3) of sources. Species with ambiguous or otherwise not interpretable growth form assignments were excluded from the final dataset but are made available with the original data.",NA,NA,NA,"http://onlinelibrary.wiley.com/doi/10.1002/ecy.1569/abstract","Engemann, K","engemann@bios.au.dk","public",14648549
"Orchidaceae","Guarianthe","Guarianthe aurantiaca","whole plant growth form diversity","Tree_Herb_Non-woody epiphyte",NA,"Species with multiple growth form classifications were assigned the growth form classification agreed upon by the majority (>2/3) of sources. Species with ambiguous or otherwise not interpretable growth form assignments were excluded from the final dataset but are made available with the original data.",NA,NA,NA,"http://onlinelibrary.wiley.com/doi/10.1002/ecy.1569/abstract","Engemann, K","engemann@bios.au.dk","public",14648550
"Orchidaceae","Guarianthe","Guarianthe aurantiaca","whole plant woodiness","herbaceous",NA,NA,NA,NA,NA,"http://datadryad.org/resource/doi:10.5061/dryad.63q27.2","Zanne AE","aezanne@gmail.com","public",15812946
"Orchidaceae","Herminium","Herminium monorchis","whole plant height","0.15","m","actual measurement (following LEDA data standards) - maximum height",NA,NA,NA,"http://www.leda-traitbase.org/LEDAportal/","Michael Kleyer","michael.kleyer@uni-oldenburg.de","public",15923505
"Orchidaceae","Herminium","Herminium monorchis","plant flowering begin","6","month","first-flowering time",NA,NA,NA,"http://www.ufz.de/biolflor/index.jsp","Ingolf Kuhn","ingolf.kuehn@ufz.de","public",15997177
"Orchidaceae","Herminium","Herminium monorchis","whole plant growth form diversity","Herb",NA,"Species with multiple growth form classifications were assigned the growth form classification agreed upon by the majority (>2/3) of sources. Species with ambiguous or otherwise not interpretable growth form assignments were excluded from the final dataset but are made available with the original data.",NA,NA,NA,"http://onlinelibrary.wiley.com/doi/10.1002/ecy.1569/abstract","Engemann, K","engemann@bios.au.dk","public",14648256
"Orchidaceae","Herminium","Herminium monorchis","whole plant height","0.1","m","actual measurement (following LEDA data standards) - maximum height",NA,NA,NA,"http://www.leda-traitbase.org/LEDAportal/","Michael Kleyer","michael.kleyer@uni-oldenburg.de","public",15923502
"Orchidaceae","Herminium","Herminium monorchis","whole plant growth form","Herb",NA,"Species with multiple growth form classifications were assigned the growth form classification agreed upon by the majority (>2/3) of sources. Species with ambiguous or otherwise not interpretable growth form assignments were excluded from the final dataset but are made available with the original data.",NA,NA,NA,"http://onlinelibrary.wiley.com/doi/10.1002/ecy.1569/abstract","Engemann, K","engemann@bios.au.dk","public",14648255
"Orchidaceae","Herminium","Herminium monorchis","whole plant height","0.05","m","actual measurement (following LEDA data standards) - maximum height",NA,NA,NA,"http://www.leda-traitbase.org/LEDAportal/","Michael Kleyer","michael.kleyer@uni-oldenburg.de","public",15923506
"Orchidaceae","Himantoglossum","Himantoglossum hircinum","whole plant height","0.15","m","actual measurement (following LEDA data standards) - maximum height",NA,NA,NA,"http://www.leda-traitbase.org/LEDAportal/","Michael Kleyer","michael.kleyer@uni-oldenburg.de","public",15923698
"Orchidaceae","Himantoglossum","Himantoglossum hircinum","plant flowering begin","5","month","first-flowering time",NA,NA,NA,"http://www.ufz.de/biolflor/index.jsp","Ingolf Kuhn","ingolf.kuehn@ufz.de","public",14598597
"Orchidaceae","Himantoglossum","Himantoglossum hircinum","leaf area","3352.5","mm2","actual measurement (following LEDA data standards)",NA,NA,NA,"http://www.leda-traitbase.org/LEDAportal/","D.K. Kunzmann","dkunzmann@gmx.de","public",15978917
"Orchidaceae","Himantoglossum","Himantoglossum hircinum","leaf dry mass","0.21287","g","actual measurement",NA,NA,NA,"http://www.leda-traitbase.org/LEDAportal/","Michael Kleyer","michael.kleyer@uni-oldenburg.de","public",15924116
"Orchidaceae","Himantoglossum","Himantoglossum hircinum","leaf dry mass","0.17442","g","actual measurement",NA,NA,NA,"http://www.leda-traitbase.org/LEDAportal/","Michael Kleyer","michael.kleyer@uni-oldenburg.de","public",15923703
"Orchidaceae","Himantoglossum","Himantoglossum hircinum","leaf dry mass","0.14941","g","actual measurement",NA,NA,NA,"http://www.leda-traitbase.org/LEDAportal/","Michael Kleyer","michael.kleyer@uni-oldenburg.de","public",15923700
"Orchidaceae","Himantoglossum","Himantoglossum hircinum","leaf dry mass per leaf fresh mass","109.33","mg.g-1","laboratory/greenhouse/garden experiment; rehydration status unknown",NA,NA,NA,"http://www.leda-traitbase.org/LEDAportal/","Michael Kleyer","michael.kleyer@uni-oldenburg.de","public",15923709
"Orchidaceae","Himantoglossum","Himantoglossum hircinum","leaf dry mass","0.17778","g","actual measurement",NA,NA,NA,"http://www.leda-traitbase.org/LEDAportal/","Michael Kleyer","michael.kleyer@uni-oldenburg.de","public",15924115
"Orchidaceae","Himantoglossum","Himantoglossum hircinum","leaf dry mass","0.17106","g","actual measurement",NA,NA,NA,"http://www.leda-traitbase.org/LEDAportal/","Michael Kleyer","michael.kleyer@uni-oldenburg.de","public",15923404
"Orchidaceae","Himantoglossum","Himantoglossum hircinum","whole plant growth form diversity","Herb",NA,"Species with multiple growth form classifications were assigned the growth form classification agreed upon by the majority (>2/3) of sources. Species with ambiguous or otherwise not interpretable growth form assignments were excluded from the final dataset but are made available with the original data.",NA,NA,NA,"http://onlinelibrary.wiley.com/doi/10.1002/ecy.1569/abstract","Engemann, K","engemann@bios.au.dk","public",14648278
"Orchidaceae","Himantoglossum","Himantoglossum hircinum","leaf area per leaf dry mass","20.64","m2.kg-1","area/dry mass (Cornelissen et al. 2003)",NA,NA,NA,"http://www.leda-traitbase.org/LEDAportal/","Michael Kleyer","michael.kleyer@uni-oldenburg.de","public",15923708
"Orchidaceae","Himantoglossum","Himantoglossum hircinum","leaf area per leaf dry mass","19.84","m2.kg-1","area/dry mass (Cornelissen et al. 2003)",NA,NA,NA,"http://www.leda-traitbase.org/LEDAportal/","Michael Kleyer","michael.kleyer@uni-oldenburg.de","public",15923702
"Orchidaceae","Himantoglossum","Himantoglossum hircinum","whole plant height","0.25","m","actual measurement (following LEDA data standards) - maximum height",NA,NA,NA,"http://www.leda-traitbase.org/LEDAportal/","Michael Kleyer","michael.kleyer@uni-oldenburg.de","public",15923400
"Orchidaceae","Himantoglossum","Himantoglossum hircinum","leaf dry mass per leaf fresh mass","104.15","mg.g-1","laboratory/greenhouse/garden experiment; rehydration status unknown",NA,NA,NA,"http://www.leda-traitbase.org/LEDAportal/","Michael Kleyer","michael.kleyer@uni-oldenburg.de","public",15923705
"Orchidaceae","Himantoglossum","Himantoglossum hircinum","leaf dry mass per leaf fresh mass","117.73","mg.g-1","laboratory/greenhouse/garden experiment; rehydration status unknown",NA,NA,NA,"http://www.leda-traitbase.org/LEDAportal/","Michael Kleyer","michael.kleyer@uni-oldenburg.de","public",15923706
"Orchidaceae","Himantoglossum","Himantoglossum hircinum","whole plant growth form","Herb",NA,"Species with multiple growth form classifications were assigned the growth form classification agreed upon by the majority (>2/3) of sources. Species with ambiguous or otherwise not interpretable growth form assignments were excluded from the final dataset but are made available with the original data.",NA,NA,NA,"http://onlinelibrary.wiley.com/doi/10.1002/ecy.1569/abstract","Engemann, K","engemann@bios.au.dk","public",14648277
"Orchidaceae","Himantoglossum","Himantoglossum hircinum","leaf dry mass","0.17106","g","actual measurement",NA,NA,NA,"http://www.leda-traitbase.org/LEDAportal/","Michael Kleyer","michael.kleyer@uni-oldenburg.de","public",15923402
"Orchidaceae","Himantoglossum","Himantoglossum hircinum","leaf area per leaf dry mass","20.02","m2.kg-1","area/dry mass (Cornelissen et al. 2003)",NA,NA,NA,"http://www.leda-traitbase.org/LEDAportal/","Michael Kleyer","michael.kleyer@uni-oldenburg.de","public",15923710
"Orchidaceae","Himantoglossum","Himantoglossum hircinum","leaf area per leaf dry mass","19.6","m2.kg-1","area/dry mass (Cornelissen et al. 2003)",NA,NA,NA,"http://www.leda-traitbase.org/LEDAportal/","Michael Kleyer","michael.kleyer@uni-oldenburg.de","public",15924114
"Orchidaceae","Himantoglossum","Himantoglossum hircinum","whole plant height","0.35","m","actual measurement (following LEDA data standards) - maximum height",NA,NA,NA,"http://www.leda-traitbase.org/LEDAportal/","Michael Kleyer","michael.kleyer@uni-oldenburg.de","public",15923699
"Orchidaceae","Himantoglossum","Himantoglossum hircinum","leaf dry mass","0.17778","g","actual measurement",NA,NA,NA,"http://www.leda-traitbase.org/LEDAportal/","Michael Kleyer","michael.kleyer@uni-oldenburg.de","public",15923406
"Orchidaceae","Himantoglossum","Himantoglossum hircinum","leaf dry mass per leaf fresh mass","109.33","mg.g-1","laboratory/greenhouse/garden experiment; rehydration status unknown",NA,NA,NA,"http://www.leda-traitbase.org/LEDAportal/","Michael Kleyer","michael.kleyer@uni-oldenburg.de","public",15923704
"Orchidaceae","Himantoglossum","Himantoglossum hircinum","leaf area per leaf dry mass","19.84","m2.kg-1","area/dry mass (Cornelissen et al. 2003)",NA,NA,NA,"http://www.leda-traitbase.org/LEDAportal/","Michael Kleyer","michael.kleyer@uni-oldenburg.de","public",15923701
"Orchidaceae","Himantoglossum","Himantoglossum hircinum","leaf dry mass per leaf fresh mass","110.4","mg.g-1","laboratory/greenhouse/garden experiment; rehydration status unknown",NA,NA,NA,"http://www.leda-traitbase.org/LEDAportal/","Michael Kleyer","michael.kleyer@uni-oldenburg.de","public",15923707
"Orchidaceae","Himantoglossum","Himantoglossum hircinum","leaf dry mass","0.21287","g","actual measurement",NA,NA,NA,"http://www.leda-traitbase.org/LEDAportal/","Michael Kleyer","michael.kleyer@uni-oldenburg.de","public",15923697
"Orchidaceae","Himantoglossum","Himantoglossum hircinum","leaf dry mass","0.17442","g","actual measurement",NA,NA,NA,"http://www.leda-traitbase.org/LEDAportal/","Michael Kleyer","michael.kleyer@uni-oldenburg.de","public",15923405
"Orchidaceae","Himantoglossum","Himantoglossum hircinum","leaf dry mass","0.14941","g","actual measurement",NA,NA,NA,"http://www.leda-traitbase.org/LEDAportal/","Michael Kleyer","michael.kleyer@uni-oldenburg.de","public",15923403
"Orchidaceae","Jacquiniella","Jacquiniella leucomelana","whole plant growth form diversity","Non-woody epiphyte",NA,"Species with multiple growth form classifications were assigned the growth form classification agreed upon by the majority (>2/3) of sources. Species with ambiguous or otherwise not interpretable growth form assignments were excluded from the final dataset but are made available with the original data.",NA,NA,NA,"http://onlinelibrary.wiley.com/doi/10.1002/ecy.1569/abstract","Engemann, K","engemann@bios.au.dk","public",14649068
"Orchidaceae","Jacquiniella","Jacquiniella leucomelana","whole plant growth form","Non-woody epiphyte",NA,"Species with multiple growth form classifications were assigned the growth form classification agreed upon by the majority (>2/3) of sources. Species with ambiguous or otherwise not interpretable growth form assignments were excluded from the final dataset but are made available with the original data.",NA,NA,NA,"http://onlinelibrary.wiley.com/doi/10.1002/ecy.1569/abstract","Engemann, K","engemann@bios.au.dk","public",14649067
"Orchidaceae","Jacquiniella","Jacquiniella teretifolia","whole plant woodiness","herbaceous",NA,NA,NA,NA,NA,"http://datadryad.org/resource/doi:10.5061/dryad.63q27.2","Zanne AE","aezanne@gmail.com","public",15747525
"Orchidaceae","Jacquiniella","Jacquiniella teretifolia","whole plant growth form diversity","Herb_Tree_Non-woody epiphyte",NA,"Species with multiple growth form classifications were assigned the growth form classification agreed upon by the majority (>2/3) of sources. Species with ambiguous or otherwise not interpretable growth form assignments were excluded from the final dataset but are made available with the original data.",NA,NA,NA,"http://onlinelibrary.wiley.com/doi/10.1002/ecy.1569/abstract","Engemann, K","engemann@bios.au.dk","public",14649306
"Orchidaceae","Jacquiniella","Jacquiniella teretifolia","whole plant growth form","Non-woody epiphyte",NA,"Species with multiple growth form classifications were assigned the growth form classification agreed upon by the majority (>2/3) of sources. Species with ambiguous or otherwise not interpretable growth form assignments were excluded from the final dataset but are made available with the original data.",NA,NA,NA,"http://onlinelibrary.wiley.com/doi/10.1002/ecy.1569/abstract","Engemann, K","engemann@bios.au.dk","public",14649072
"Orchidaceae","Jacquiniella","Jacquiniella teretifolia","whole plant growth form","vine*",NA,NA,NA,NA,NA,"https://www.researchgate.net/profile/Ruth_Sherman/publication/227536680_Forty_Years_of_Tropical_Forest_Recovery_from_Agriculture_Structure_and_Floristics_of_Secondary_and_Old-growth_Riparian_Forests_in_the_Dominican_Republic/links/00463524ebe76881c6000000.pdf","Sherman RE",NA,"public",265786
"Orchidaceae","Lepanthes","Lepanthes caritensis","maximum whole plant longevity","5.2","years",NA,NA,NA,NA,NA,"Angela Moles","a.moles@unsw.edu.au","public",2060237
"Orchidaceae","Lepanthes","Lepanthes eltoroensis","maximum whole plant longevity","3.9","years",NA,NA,NA,NA,NA,"Angela Moles","a.moles@unsw.edu.au","public",2060236
"Orchidaceae","Lepanthes","Lepanthes eltoroensis","whole plant growth form","Herb",NA,"Species with multiple growth form classifications were assigned the growth form classification agreed upon by the majority (>2/3) of sources. Species with ambiguous or otherwise not interpretable growth form assignments were excluded from the final dataset but are made available with the original data.",NA,NA,NA,"http://onlinelibrary.wiley.com/doi/10.1002/ecy.1569/abstract","Engemann, K","engemann@bios.au.dk","public",14648665
"Orchidaceae","Lepanthes","Lepanthes eltoroensis","whole plant growth form diversity","Herb",NA,"Species with multiple growth form classifications were assigned the growth form classification agreed upon by the majority (>2/3) of sources. Species with ambiguous or otherwise not interpretable growth form assignments were excluded from the final dataset but are made available with the original data.",NA,NA,NA,"http://onlinelibrary.wiley.com/doi/10.1002/ecy.1569/abstract","Engemann, K","engemann@bios.au.dk","public",14648666
"Orchidaceae","Lepanthes","Lepanthes rubripetala","maximum whole plant longevity","3.4","years",NA,NA,NA,NA,NA,"Angela Moles","a.moles@unsw.edu.au","public",2060235
"Orchidaceae","Lepanthes","Lepanthes rupestris","whole plant growth form diversity","Herb",NA,"Species with multiple growth form classifications were assigned the growth form classification agreed upon by the majority (>2/3) of sources. Species with ambiguous or otherwise not interpretable growth form assignments were excluded from the final dataset but are made available with the original data.",NA,NA,NA,"http://onlinelibrary.wiley.com/doi/10.1002/ecy.1569/abstract","Engemann, K","engemann@bios.au.dk","public",14649613
"Orchidaceae","Lepanthes","Lepanthes rupestris","whole plant growth form","Herb",NA,"Species with multiple growth form classifications were assigned the growth form classification agreed upon by the majority (>2/3) of sources. Species with ambiguous or otherwise not interpretable growth form assignments were excluded from the final dataset but are made available with the original data.",NA,NA,NA,"http://onlinelibrary.wiley.com/doi/10.1002/ecy.1569/abstract","Engemann, K","engemann@bios.au.dk","public",14649612
"Orchidaceae","Lepanthes","Lepanthes rupestris","maximum whole plant longevity","1.7","years",NA,NA,NA,NA,NA,"Angela Moles","a.moles@unsw.edu.au","public",2060234
"Orchidaceae","Lycaste","Lycaste aromatica","whole plant woodiness","herbaceous",NA,NA,NA,NA,NA,"http://datadryad.org/resource/doi:10.5061/dryad.63q27.2","Zanne AE","aezanne@gmail.com","public",15752947
"Orchidaceae","Lycaste","Lycaste aromatica","whole plant growth form diversity","Herb_Non-woody epiphyte",NA,"Species with multiple growth form classifications were assigned the growth form classification agreed upon by the majority (>2/3) of sources. Species with ambiguous or otherwise not interpretable growth form assignments were excluded from the final dataset but are made available with the original data.",NA,NA,NA,"http://onlinelibrary.wiley.com/doi/10.1002/ecy.1569/abstract","Engemann, K","engemann@bios.au.dk","public",14649119
"Orchidaceae","Lycaste","Lycaste aromatica","whole plant growth form","Non-woody epiphyte",NA,"Species with multiple growth form classifications were assigned the growth form classification agreed upon by the majority (>2/3) of sources. Species with ambiguous or otherwise not interpretable growth form assignments were excluded from the final dataset but are made available with the original data.",NA,NA,NA,"http://onlinelibrary.wiley.com/doi/10.1002/ecy.1569/abstract","Engemann, K","engemann@bios.au.dk","public",14649118
"Orchidaceae","Ophrys","Ophrys sphegodes","leaf dry mass","0.04256","g","actual measurement",NA,NA,NA,"http://www.leda-traitbase.org/LEDAportal/","Michael Kleyer","michael.kleyer@uni-oldenburg.de","public",15936868
"Orchidaceae","Ophrys","Ophrys sphegodes","leaf dry mass","0.02397","g","actual measurement",NA,NA,NA,"http://www.leda-traitbase.org/LEDAportal/","Michael Kleyer","michael.kleyer@uni-oldenburg.de","public",15936876
"Orchidaceae","Ophrys","Ophrys sphegodes","leaf area per leaf dry mass","22.76","m2.kg-1","area/dry mass (Cornelissen et al. 2003)",NA,NA,NA,"http://www.leda-traitbase.org/LEDAportal/","Michael Kleyer","michael.kleyer@uni-oldenburg.de","public",15936867
"Orchidaceae","Ophrys","Ophrys sphegodes","leaf dry mass per leaf fresh mass","115.27","mg.g-1","laboratory/greenhouse/garden experiment; rehydration status unknown",NA,NA,NA,"http://www.leda-traitbase.org/LEDAportal/","Michael Kleyer","michael.kleyer@uni-oldenburg.de","public",15936878
"Orchidaceae","Ophrys","Ophrys sphegodes","leaf area per leaf dry mass","30.8","m2.kg-1","area/dry mass (Cornelissen et al. 2003)",NA,NA,NA,"http://www.leda-traitbase.org/LEDAportal/","Michael Kleyer","michael.kleyer@uni-oldenburg.de","public",15936871
"Orchidaceae","Ophrys","Ophrys sphegodes","leaf area per leaf dry mass","30.8","m2.kg-1","area/dry mass (Cornelissen et al. 2003)",NA,NA,NA,"http://www.leda-traitbase.org/LEDAportal/","Michael Kleyer","michael.kleyer@uni-oldenburg.de","public",15936874
"Orchidaceae","Ophrys","Ophrys sphegodes","leaf dry mass","0.02689","g","actual measurement",NA,NA,NA,"http://www.leda-traitbase.org/LEDAportal/","Michael Kleyer","michael.kleyer@uni-oldenburg.de","public",15936887
"Orchidaceae","Ophrys","Ophrys sphegodes","whole plant height","0.2","m","actual measurement (following LEDA data standards) - maximum height",NA,NA,NA,"http://www.leda-traitbase.org/LEDAportal/","Michael Kleyer","michael.kleyer@uni-oldenburg.de","public",15936884
"Orchidaceae","Ophrys","Ophrys sphegodes","whole plant woodiness","herbaceous",NA,NA,NA,NA,NA,"http://datadryad.org/resource/doi:10.5061/dryad.63q27.2","Zanne AE","aezanne@gmail.com","public",15768830
"Orchidaceae","Ophrys","Ophrys sphegodes","leaf area per leaf dry mass","30.38","m2.kg-1","area/dry mass (Cornelissen et al. 2003)",NA,NA,NA,"http://www.leda-traitbase.org/LEDAportal/","Michael Kleyer","michael.kleyer@uni-oldenburg.de","public",15936873
"Orchidaceae","Ophrys","Ophrys sphegodes","plant flowering begin","4","month","first-flowering time",NA,NA,NA,"http://www.ufz.de/biolflor/index.jsp","Ingolf Kuhn","ingolf.kuehn@ufz.de","public",15997220
"Orchidaceae","Ophrys","Ophrys sphegodes","leaf dry mass","0.02397","g","actual measurement",NA,NA,NA,"http://www.leda-traitbase.org/LEDAportal/","Michael Kleyer","michael.kleyer@uni-oldenburg.de","public",15936881
"Orchidaceae","Ophrys","Ophrys sphegodes","whole plant growth form diversity","Herb",NA,"Species with multiple growth form classifications were assigned the growth form classification agreed upon by the majority (>2/3) of sources. Species with ambiguous or otherwise not interpretable growth form assignments were excluded from the final dataset but are made available with the original data.",NA,NA,NA,"http://onlinelibrary.wiley.com/doi/10.1002/ecy.1569/abstract","Engemann, K","engemann@bios.au.dk","public",14742849
"Orchidaceae","Ophrys","Ophrys sphegodes","whole plant growth form","Herb",NA,"Species with multiple growth form classifications were assigned the growth form classification agreed upon by the majority (>2/3) of sources. Species with ambiguous or otherwise not interpretable growth form assignments were excluded from the final dataset but are made available with the original data.",NA,NA,NA,"http://onlinelibrary.wiley.com/doi/10.1002/ecy.1569/abstract","Engemann, K","engemann@bios.au.dk","public",14649669
"Orchidaceae","Ophrys","Ophrys sphegodes","plant flowering begin","4","month","first-flowering time",NA,NA,NA,"http://www.ufz.de/biolflor/index.jsp","Ingolf Kuhn","ingolf.kuehn@ufz.de","public",14598609
"Orchidaceae","Ophrys","Ophrys sphegodes","leaf dry mass","0.00891","g","actual measurement",NA,NA,NA,"http://www.leda-traitbase.org/LEDAportal/","Michael Kleyer","michael.kleyer@uni-oldenburg.de","public",15936870
"Orchidaceae","Ophrys","Ophrys sphegodes","leaf area","771.75","mm2","actual measurement (following LEDA data standards)",NA,NA,NA,"http://www.leda-traitbase.org/LEDAportal/","D.K. Kunzmann","dkunzmann@gmx.de","public",15979250
"Orchidaceae","Ophrys","Ophrys sphegodes","leaf dry mass","0.0247","g","actual measurement",NA,NA,NA,"http://www.leda-traitbase.org/LEDAportal/","Michael Kleyer","michael.kleyer@uni-oldenburg.de","public",15936882
"Orchidaceae","Ophrys","Ophrys sphegodes","leaf dry mass per leaf fresh mass","100.6","mg.g-1","laboratory/greenhouse/garden experiment; rehydration status unknown",NA,NA,NA,"http://www.leda-traitbase.org/LEDAportal/","Michael Kleyer","michael.kleyer@uni-oldenburg.de","public",15936877
"Orchidaceae","Ophrys","Ophrys sphegodes","leaf dry mass per leaf fresh mass","101.61","mg.g-1","laboratory/greenhouse/garden experiment; rehydration status unknown",NA,NA,NA,"http://www.leda-traitbase.org/LEDAportal/","Michael Kleyer","michael.kleyer@uni-oldenburg.de","public",15936875
"Orchidaceae","Ophrys","Ophrys sphegodes","leaf dry mass per leaf fresh mass","85.58","mg.g-1","laboratory/greenhouse/garden experiment; rehydration status unknown",NA,NA,NA,"http://www.leda-traitbase.org/LEDAportal/","Michael Kleyer","michael.kleyer@uni-oldenburg.de","public",15936879
"Orchidaceae","Ophrys","Ophrys sphegodes","whole plant height","0.135","m","actual measurement (following LEDA data standards) - maximum height",NA,NA,NA,"http://www.leda-traitbase.org/LEDAportal/","Michael Kleyer","michael.kleyer@uni-oldenburg.de","public",15936885
"Orchidaceae","Ophrys","Ophrys sphegodes","whole plant height","0.07","m","actual measurement (following LEDA data standards) - maximum height",NA,NA,NA,"http://www.leda-traitbase.org/LEDAportal/","Michael Kleyer","michael.kleyer@uni-oldenburg.de","public",15936883
"Orchidaceae","Ophrys","Ophrys sphegodes","leaf area per leaf dry mass","36.99","m2.kg-1","area/dry mass (Cornelissen et al. 2003)",NA,NA,NA,"http://www.leda-traitbase.org/LEDAportal/","Michael Kleyer","michael.kleyer@uni-oldenburg.de","public",15936872
"Orchidaceae","Ophrys","Ophrys sphegodes","leaf dry mass","0.0247","g","actual measurement",NA,NA,NA,"http://www.leda-traitbase.org/LEDAportal/","Michael Kleyer","michael.kleyer@uni-oldenburg.de","public",15936886
"Orchidaceae","Ophrys","Ophrys sphegodes","leaf dry mass per leaf fresh mass","101.61","mg.g-1","laboratory/greenhouse/garden experiment; rehydration status unknown",NA,NA,NA,"http://www.leda-traitbase.org/LEDAportal/","Michael Kleyer","michael.kleyer@uni-oldenburg.de","public",15936880
"Orchidaceae","Ophrys","Ophrys sphegodes","whole plant primary juvenile period length","2","years",NA,NA,NA,NA,NA,"Angela Moles","a.moles@unsw.edu.au","public",1895052
"Orchidaceae","Ophrys","Ophrys sphegodes","leaf dry mass","0.02689","g","actual measurement",NA,NA,NA,"http://www.leda-traitbase.org/LEDAportal/","Michael Kleyer","michael.kleyer@uni-oldenburg.de","public",15975317
"Orchidaceae","Ophrys","Ophrys sphegodes","leaf dry mass","0.00891","g","actual measurement",NA,NA,NA,"http://www.leda-traitbase.org/LEDAportal/","Michael Kleyer","michael.kleyer@uni-oldenburg.de","public",15936869
"Orchidaceae","Ophrys","Ophrys sphegodes","leaf dry mass","0.04256","g","actual measurement",NA,NA,NA,"http://www.leda-traitbase.org/LEDAportal/","Michael Kleyer","michael.kleyer@uni-oldenburg.de","public",15936850
"Orchidaceae","Orchis","Orchis purpurea","leaf dry mass per leaf fresh mass","65.83","mg.g-1","laboratory/greenhouse/garden experiment; rehydration status unknown",NA,NA,NA,"http://www.leda-traitbase.org/LEDAportal/","Michael Kleyer","michael.kleyer@uni-oldenburg.de","public",15937540
"Orchidaceae","Orchis","Orchis purpurea","leaf dry mass","0.17945","g","actual measurement",NA,NA,NA,"http://www.leda-traitbase.org/LEDAportal/","Michael Kleyer","michael.kleyer@uni-oldenburg.de","public",15936821
"Orchidaceae","Orchis","Orchis purpurea","leaf dry mass","0.29725","g","actual measurement",NA,NA,NA,"http://www.leda-traitbase.org/LEDAportal/","Michael Kleyer","michael.kleyer@uni-oldenburg.de","public",15970175
"Orchidaceae","Orchis","Orchis purpurea","leaf dry mass","0.29034","g","actual measurement",NA,NA,NA,"http://www.leda-traitbase.org/LEDAportal/","Michael Kleyer","michael.kleyer@uni-oldenburg.de","public",2053564
"Orchidaceae","Orchis","Orchis purpurea","whole plant growth form","Herb",NA,"Species with multiple growth form classifications were assigned the growth form classification agreed upon by the majority (>2/3) of sources. Species with ambiguous or otherwise not interpretable growth form assignments were excluded from the final dataset but are made available with the original data.",NA,NA,NA,"http://onlinelibrary.wiley.com/doi/10.1002/ecy.1569/abstract","Engemann, K","engemann@bios.au.dk","public",14650918
"Orchidaceae","Orchis","Orchis purpurea","whole plant height","0.24","m","actual measurement (following LEDA data standards) - maximum height",NA,NA,NA,"http://www.leda-traitbase.org/LEDAportal/","Michael Kleyer","michael.kleyer@uni-oldenburg.de","public",15937727
"Orchidaceae","Orchis","Orchis purpurea","leaf dry mass","0.48946","g","actual measurement",NA,NA,NA,"http://www.leda-traitbase.org/LEDAportal/","Michael Kleyer","michael.kleyer@uni-oldenburg.de","public",15937403
"Orchidaceae","Orchis","Orchis purpurea","leaf dry mass","0.29725","g","actual measurement",NA,NA,NA,"http://www.leda-traitbase.org/LEDAportal/","Michael Kleyer","michael.kleyer@uni-oldenburg.de","public",15937536
"Orchidaceae","Orchis","Orchis purpurea","whole plant growth form diversity","Herb",NA,"Species with multiple growth form classifications were assigned the growth form classification agreed upon by the majority (>2/3) of sources. Species with ambiguous or otherwise not interpretable growth form assignments were excluded from the final dataset but are made available with the original data.",NA,NA,NA,"http://onlinelibrary.wiley.com/doi/10.1002/ecy.1569/abstract","Engemann, K","engemann@bios.au.dk","public",14650919
"Orchidaceae","Orchis","Orchis purpurea","leaf area","8301.25","mm2","actual measurement",NA,NA,NA,"http://www.leda-traitbase.org/LEDAportal/","D.K. Kunzmann","dkunzmann@gmx.de","public",15979246
"Orchidaceae","Orchis","Orchis purpurea","leaf dry mass","0.17945","g","actual measurement",NA,NA,NA,"http://www.leda-traitbase.org/LEDAportal/","Michael Kleyer","michael.kleyer@uni-oldenburg.de","public",15938313
"Orchidaceae","Orchis","Orchis purpurea","whole plant height","0.3","m","actual measurement (following LEDA data standards) - maximum height",NA,NA,NA,"http://www.leda-traitbase.org/LEDAportal/","Michael Kleyer","michael.kleyer@uni-oldenburg.de","public",15938314
"Orchidaceae","Orchis","Orchis purpurea","leaf dry mass","0.29725","g","actual measurement",NA,NA,NA,"http://www.leda-traitbase.org/LEDAportal/","Michael Kleyer","michael.kleyer@uni-oldenburg.de","public",15937685
"Orchidaceae","Orchis","Orchis purpurea","leaf dry mass per leaf fresh mass","66.11","mg.g-1","laboratory/greenhouse/garden experiment; rehydration status unknown",NA,NA,NA,"http://www.leda-traitbase.org/LEDAportal/","Michael Kleyer","michael.kleyer@uni-oldenburg.de","public",15937575
"Orchidaceae","Orchis","Orchis purpurea","whole plant height","0.2","m","actual measurement (following LEDA data standards) - maximum height",NA,NA,NA,"http://www.leda-traitbase.org/LEDAportal/","Michael Kleyer","michael.kleyer@uni-oldenburg.de","public",15937571
"Orchidaceae","Orchis","Orchis purpurea","leaf area per leaf dry mass","24.97","m2.kg-1","area/dry mass (Cornelissen et al. 2003)",NA,NA,NA,"http://www.leda-traitbase.org/LEDAportal/","Michael Kleyer","michael.kleyer@uni-oldenburg.de","public",15938300
"Orchidaceae","Orchis","Orchis purpurea","whole plant height","0.45","m","actual measurement (following LEDA data standards) - maximum height",NA,NA,NA,"http://www.leda-traitbase.org/LEDAportal/","Michael Kleyer","michael.kleyer@uni-oldenburg.de","public",15937580
"Orchidaceae","Orchis","Orchis purpurea","leaf area per leaf dry mass","28.62","m2.kg-1","area/dry mass (Cornelissen et al. 2003)",NA,NA,NA,"http://www.leda-traitbase.org/LEDAportal/","Michael Kleyer","michael.kleyer@uni-oldenburg.de","public",15937758
"Orchidaceae","Orchis","Orchis purpurea","leaf dry mass","0.48946","g","actual measurement",NA,NA,NA,"http://www.leda-traitbase.org/LEDAportal/","Michael Kleyer","michael.kleyer@uni-oldenburg.de","public",15937572
"Orchidaceae","Orchis","Orchis purpurea","whole plant height","0.15","m","actual measurement (following LEDA data standards) - maximum height",NA,NA,NA,"http://www.leda-traitbase.org/LEDAportal/","Michael Kleyer","michael.kleyer@uni-oldenburg.de","public",15937080
"Orchidaceae","Orchis","Orchis purpurea","leaf dry mass","0.29034","g","actual measurement",NA,NA,NA,"http://www.leda-traitbase.org/LEDAportal/","Michael Kleyer","michael.kleyer@uni-oldenburg.de","public",15938286
"Orchidaceae","Orchis","Orchis purpurea","leaf area per leaf dry mass","28.62","m2.kg-1","area/dry mass (Cornelissen et al. 2003)",NA,NA,NA,"http://www.leda-traitbase.org/LEDAportal/","Michael Kleyer","michael.kleyer@uni-oldenburg.de","public",15938340
"Orchidaceae","Orchis","Orchis purpurea","whole plant height","0.325","m","actual measurement (following LEDA data standards) - maximum height",NA,NA,NA,"http://www.leda-traitbase.org/LEDAportal/","Michael Kleyer","michael.kleyer@uni-oldenburg.de","public",15975313
"Orchidaceae","Orchis","Orchis purpurea","leaf dry mass per leaf fresh mass","65.83","mg.g-1","laboratory/greenhouse/garden experiment; rehydration status unknown",NA,NA,NA,"http://www.leda-traitbase.org/LEDAportal/","Michael Kleyer","michael.kleyer@uni-oldenburg.de","public",15937078
"Orchidaceae","Orchis","Orchis purpurea","leaf dry mass per leaf fresh mass","61.45","mg.g-1","laboratory/greenhouse/garden experiment; rehydration status unknown",NA,NA,NA,"http://www.leda-traitbase.org/LEDAportal/","Michael Kleyer","michael.kleyer@uni-oldenburg.de","public",15938339
"Orchidaceae","Orchis","Orchis purpurea","leaf area per leaf dry mass","29.16","m2.kg-1","area/dry mass (Cornelissen et al. 2003)",NA,NA,NA,"http://www.leda-traitbase.org/LEDAportal/","Michael Kleyer","michael.kleyer@uni-oldenburg.de","public",15937766
"Orchidaceae","Orchis","Orchis purpurea","leaf dry mass","0.29725","g","actual measurement",NA,NA,NA,"http://www.leda-traitbase.org/LEDAportal/","Michael Kleyer","michael.kleyer@uni-oldenburg.de","public",15936198
"Orchidaceae","Orchis","Orchis purpurea","whole plant height","0.24","m","actual measurement (following LEDA data standards) - maximum height",NA,NA,NA,"http://www.leda-traitbase.org/LEDAportal/","Michael Kleyer","michael.kleyer@uni-oldenburg.de","public",15937074
"Orchidaceae","Orchis","Orchis purpurea","plant flowering begin","5","month","first-flowering time",NA,NA,NA,"http://www.ufz.de/biolflor/index.jsp","Ingolf Kuhn","ingolf.kuehn@ufz.de","public",14598703
"Orchidaceae","Orchis","Orchis purpurea","leaf area per leaf dry mass","35.15","m2.kg-1","area/dry mass (Cornelissen et al. 2003)",NA,NA,NA,"http://www.leda-traitbase.org/LEDAportal/","Michael Kleyer","michael.kleyer@uni-oldenburg.de","public",15937079
"Orchidaceae","Orchis","Orchis purpurea","leaf dry mass per leaf fresh mass","73.58","mg.g-1","laboratory/greenhouse/garden experiment; rehydration status unknown",NA,NA,NA,"http://www.leda-traitbase.org/LEDAportal/","Michael Kleyer","michael.kleyer@uni-oldenburg.de","public",15937581
"Orchidaceae","Platanthera","Platanthera hookeri","whole plant growth form diversity","Herb",NA,"Species with multiple growth form classifications were assigned the growth form classification agreed upon by the majority (>2/3) of sources. Species with ambiguous or otherwise not interpretable growth form assignments were excluded from the final dataset but are made available with the original data.",NA,NA,NA,"http://onlinelibrary.wiley.com/doi/10.1002/ecy.1569/abstract","Engemann, K","engemann@bios.au.dk","public",14649706
"Orchidaceae","Platanthera","Platanthera hookeri","whole plant growth form","Herb",NA,"Species with multiple growth form classifications were assigned the growth form classification agreed upon by the majority (>2/3) of sources. Species with ambiguous or otherwise not interpretable growth form assignments were excluded from the final dataset but are made available with the original data.",NA,NA,NA,"http://onlinelibrary.wiley.com/doi/10.1002/ecy.1569/abstract","Engemann, K","engemann@bios.au.dk","public",14649705
"Orchidaceae","Tolumnia","Tolumnia variegata","whole plant primary juvenile period length","4","years",NA,NA,NA,NA,NA,"Angela Moles","a.moles@unsw.edu.au","public",2059960
"Orchidaceae","Tolumnia","Tolumnia variegata","whole plant growth form diversity","Herb",NA,"Species with multiple growth form classifications were assigned the growth form classification agreed upon by the majority (>2/3) of sources. Species with ambiguous or otherwise not interpretable growth form assignments were excluded from the final dataset but are made available with the original data.",NA,NA,NA,"http://onlinelibrary.wiley.com/doi/10.1002/ecy.1569/abstract","Engemann, K","engemann@bios.au.dk","public",14666410
"Orchidaceae","Tolumnia","Tolumnia variegata","longest whole plant longevity","25.03","years",NA,NA,NA,NA,NA,"Angela Moles","a.moles@unsw.edu.au","public",2040691
"Orchidaceae","Tolumnia","Tolumnia variegata","whole plant growth form","Herb",NA,"Species with multiple growth form classifications were assigned the growth form classification agreed upon by the majority (>2/3) of sources. Species with ambiguous or otherwise not interpretable growth form assignments were excluded from the final dataset but are made available with the original data.",NA,NA,NA,"http://onlinelibrary.wiley.com/doi/10.1002/ecy.1569/abstract","Engemann, K","engemann@bios.au.dk","public",14666409
"Orchidaceae","Tolumnia","Tolumnia variegata","whole plant woodiness","herbaceous",NA,NA,NA,NA,NA,"http://datadryad.org/resource/doi:10.5061/dryad.63q27.2","Zanne AE","aezanne@gmail.com","public",15791250
